"tableIndex","subIndex","value"
"表索引","子索引","值"
"0","0","v3"
"0","1","v2"
"0","2","to"
"0","3","cc"
"0","4","on"
"0","5","lv"
"0","6","ID"
"0","7","wx"
"0","8","bg"
"0","9","PI"
"0","10","tt"
"0","11","as"
"0","12","dy"
"0","13","dx"
"0","14","苹果"
"0","15","id"
"0","16","hp"
"0","17","西瓜"
"0","18","葡萄"
"0","19","by"
"0","20","os"
"0","21","石榴"
"0","22","no"
"0","23","d1"
"0","24","m1"
"0","25","澳门"
"0","26","荔枝"
"0","27","db"
"0","28","in"
"0","29",": "
"0","30","香蕉"
"0","31","黄桃"
"0","32","台湾"
"0","33","空位"
"0","34","草莓"
"0","35","大枣"
"0","36","芒果"
"0","37","椰子"
"0","38","蜜瓜"
"0","39","蓝莓"
"0","40","枇杷"
"0","41","脐橙"
"0","42","冬枣"
"0","43","复活"
"0","44","ad"
"0","45","iv"
"0","46","成功"
"0","47","ax"
"0","48","ay"
"0","49","bx"
"0","50","柠檬"
"0","51","吉林"
"0","52","林芝"
"0","53","西藏"
"0","54","榴莲"
"0","55","杨梅"
"0","56","蜜桃"
"0","57","宁夏"
"0","58","青海"
"0","59","桑葚"
"0","60","包菜"
"0","61","南瓜"
"0","62","土豆"
"0","63","花菜"
"0","64","茄子"
"0","65","企鹅"
"0","66","小鸡"
"0","67","熊猫"
"0","68","狐狸"
"0","69","狮子"
"0","70","老虎"
"0","71","黑洞"
"0","72","水果"
"0","73","ri"
"0","74","北京"
"0","75","江苏"
"0","76","合肥"
"0","77","安庆"
"0","78","安徽"
"0","79","成都"
"0","80","四川"
"0","81","香梨"
"0","82","新疆"
"0","83","天津"
"0","84","三亚"
"0","85","海口"
"0","86","海南"
"0","87","蜜柚"
"0","88","福建"
"0","89","沙果"
"0","90","湖南"
"0","91","广东"
"0","92","广西"
"0","93","香港"
"0","94","绍兴"
"0","95","浙江"
"0","96","贵阳"
"0","97","安顺"
"0","98","贵州"
"0","99","莲雾"
"0","100","河北"
"0","101","兰州"
"0","102","天水"
"0","103","甘肃"
"0","104","河南"
"0","105","武汉"
"0","106","板栗"
"0","107","湖北"
"0","108","南昌"
"0","109","江西"
"0","110","西安"
"0","111","宝鸡"
"0","112","陕西"
"0","113","云南"
"0","114","上海"
"0","115","淄博"
"0","116","山东"
"0","117","重庆"
"0","118","太原"
"0","119","吕梁"
"0","120","山西"
"0","121","大连"
"0","122","沈阳"
"0","123","樱桃"
"0","124","辽宁"
"0","125","红杏"
"0","126","雪梨"
"0","127","桂圆"
"0","128","山楂"
"0","129","冬瓜"
"0","130","可颂"
"0","131","大蒜"
"0","132","山竹"
"0","133","曲奇"
"0","134","柿子"
"0","135","树莓"
"0","136","桃子"
"0","137","橘子"
"0","138","泡芙"
"0","139","洋葱"
"0","140","玉米"
"0","141","生姜"
"0","142","生菜"
"0","143","竹笋"
"0","144","苦瓜"
"0","145","荸荠"
"0","146","莲藕"
"0","147","菜心"
"0","148","菜瓜"
"0","149","葡挞"
"0","150","香菇"
"0","151","黄瓜"
"0","152","兔子"
"0","153","刺猬"
"0","154","博美"
"0","155","奶牛"
"0","156","松鼠"
"0","157","棕熊"
"0","158","橘猫"
"0","159","水母"
"0","160","河豚"
"0","161","海象"
"0","162","海兔"
"0","163","海星"
"0","164","海胆"
"0","165","海螺"
"0","166","海豚"
"0","167","海贝"
"0","168","海马"
"0","169","海龟"
"0","170","猴子"
"0","171","白鲸"
"0","172","章鱼"
"0","173","绵羊"
"0","174","羊驼"
"0","175","虎鲸"
"0","176","螃蟹"
"0","177","锦鲤"
"0","178","青蛙"
"0","179","鲨鱼"
"0","180","鹦鹉"
"0","181","黄牛"
"0","182","龙虾"
"0","183","未知"
"0","184"," %"
"0","185","消除"
"0","186","刷新"
"0","187","甜品"
"0","188","蔬菜"
"0","189","动物"
"0","190","糖果"
"0","191","自己"
"0","192","qg"
"0","193","fg"
"0","194","st"
"0","195","ti"
"0","196","ap"
"0","197","第一"
"0","198","pt"
"0","199",">="
"0","200","菇娘"
"0","201","大兴"
"0","202","平谷"
"0","203","大桃"
"0","204","南京"
"0","205","苏州"
"0","206","盐城"
"0","207","白果"
"0","208","芜湖"
"0","209","酥梨"
"0","210","苍溪"
"0","211","浦江"
"0","212","丑柑"
"0","213","和田"
"0","214","玉枣"
"0","215","徐堡"
"0","216","桑梓"
"0","217","琼中"
"0","218","绿橙"
"0","219","福州"
"0","220","厦门"
"0","221","泉州"
"0","222","芦柑"
"0","223","延边"
"0","224","舒兰"
"0","225","长沙"
"0","226","怀化"
"0","227","广州"
"0","228","深圳"
"0","229","珠海"
"0","230","贡柑"
"0","231","百色"
"0","232","融安"
"0","233","北流"
"0","234","武鸣"
"0","235","金桔"
"0","236","沃柑"
"0","237","拉萨"
"0","238","杭州"
"0","239","宁波"
"0","240","遵义"
"0","241","台北"
"0","242","台中"
"0","243","台南"
"0","244","高雄"
"0","245","凤梨"
"0","246","释迦"
"0","247","芭乐"
"0","248","承德"
"0","249","邯郸"
"0","250","民勤"
"0","251","金果"
"0","252","灵武"
"0","253","中卫"
"0","254","长枣"
"0","255","枸杞"
"0","256","郑州"
"0","257","洛阳"
"0","258","开封"
"0","259","荆州"
"0","260","襄阳"
"0","261","砂梨"
"0","262","宜春"
"0","263","广丰"
"0","264","蜜桔"
"0","265","渭南"
"0","266","富平"
"0","267","柿饼"
"0","268","西宁"
"0","269","民和"
"0","270","大理"
"0","271","昭通"
"0","272","大姚"
"0","273","核桃"
"0","274","马陆"
"0","275","南汇"
"0","276","奉贤"
"0","277","龙眼"
"0","278","济南"
"0","279","莱州"
"0","280","青岛"
"0","281","奉节"
"0","282","巫山"
"0","283","梁平"
"0","284","脆李"
"0","285","临汾"
"0","286","丹东"
"0","287","盘山"
"0","288","静海"
"0","289","茶淀"
"0","290","雪桃"
"0","291","潍坊"
"0","292","东营"
"0","293","哈密"
"0","294","黄山"
"0","295","昌平"
"0","296","通州"
"0","297","海淀"
"0","298","包头"
"0","299","铁岭"
"0","300","油桃"
"0","301","许昌"
"0","302","周口"
"0","303","南阳"
"0","304","屯门"
"0","305","沙田"
"0","306","元朗"
"0","307","昆明"
"0","308","普洱"
"0","309","柑橘"
"0","310","常德"
"0","311","邵阳"
"0","312","湘西"
"0","313","大同"
"0","314","秋柿"
"0","315","甜瓜"
"0","316","淮安"
"0","317","宿迁"
"0","318","金杏"
"0","319","汉中"
"0","320","随州"
"0","321","莆田"
"0","322","龙岩"
"0","323","三明"
"0","324","龙柚"
"0","325","文昌"
"0","326","邢台"
"0","327","清河"
"0","328","鸭梨"
"0","329","赣州"
"0","330","萍乡"
"0","331","甜柚"
"0","332","鲜枣"
"0","333","奉化"
"0","334","慈溪"
"0","335","普陀"
"0","336","松江"
"0","337","嘉定"
"0","338","蟠桃"
"0","339","南宁"
"0","340","玉林"
"0","341","永福"
"0","342","青梅"
"0","343","东莞"
"0","344","清远"
"0","345","中山"
"0","346","毕节"
"0","347","酥李"
"0","348","巴南"
"0","349","南岸"
"0","350","南充"
"0","351","内江"
"0","352","海东"
"0","353","鹿寨"
"0","354","长春"
"0","355","白桃"
"0","356","陇南"
"0","357","菠萝"
"0","358","柚子"
"0","359","=="
"0","360","sp"
"0","361","网格"
"0","362","第 "
"0","363"," 关"
"0","364","向右"
"0","365","向左"
"0","366","中间"
"0","367","小雪"
"0","368","海洋"
"0","369","分享"
"0","370","视频"
"0","371","胜利"
"0","372","失败"
"0","373","er"
"0","374","小猪"
"0","375","小猫"
"0","376","小狗"
"0","377","小鸟"
"0","378","小兔"
"0","379","小熊"
"0","380","小虎"
"0","381","小龙"
"0","382","小马"
"0","383","小羊"
"0","384","小猴"
"0","385","小鸭"
"0","386","小鱼"
"0","387","狼人"
"0","388","恐龙"
"0","389","凤凰"
"0","390","大象"
"0","391","河马"
"0","392","斑马"
"0","393","袋鼠"
"0","394","钟理"
"0","395","Li"
"0","396","Wu"
"0","397","小明"
"0","398","小红"
"0","399","小刚"
"0","400","小丽"
"0","401","小华"
"0","402","小强"
"0","403","小美"
"0","404","小杰"
"0","405","文静"
"0","406","建国"
"0","407","建军"
"0","408","爱国"
"0","409","爱民"
"0","410","志强"
"0","411","美丽"
"0","412","秀英"
"0","413","Bg"
"0","414","球球"
"0","415","ai"
"0","416","超过"
"0","417","[]"
"0","418","{}"
"0","419","MG"
"0","420","jd"
"0","421","别人"
"0","422","第二"
"0","423","第三"
"0","424",", "
"0","425","打乱"
"0","426","订阅"
"0","427"," 次"
"1","0","ins"
"1","1","key"
"1","2","_RF"
"1","3","get"
"1","4","pop"
"1","5","off"
"1","6","set"
"1","7","pos"
"1","8","min"
"1","9","sdk"
"1","10","now"
"1","11","top"
"1","12","max"
"1","13","Log"
"1","14","img"
"1","15","add"
"1","16","RUN"
"1","17","has"
"1","18","map"
"1","19","sys"
"1","20","_id"
"1","21","总数量"
"1","22","put"
"1","23","abs"
"1","24","log"
"1","25","猕猴桃"
"1","26","run"
"1","27","url"
"1","28","lei"
"1","29","GET"
"1","30","MD5"
"1","31","eff"
"1","32","水蜜桃"
"1","33","all"
"1","34","env"
"1","35","tag"
"1","36","新用户"
"1","37","TOP"
"1","38","cut"
"1","39","pan"
"1","40","哈密瓜"
"1","41","苹果梨"
"1","42","车厘子"
"1","43","火龙果"
"1","44","人参果"
"1","45","红甘蓝"
"1","46","西红柿"
"1","47","黄彩椒"
"1","48","长颈鹿"
"1","49","uid"
"1","50","Get"
"1","51","skC"
"1","52","ipu"
"1","53","已领取"
"1","54","ext"
"1","55","Min"
"1","56","Max"
"1","57","Ins"
"1","58","哈尔滨"
"1","59","黑龙江"
"1","60","北京市"
"1","61","江苏省"
"1","62","安徽省"
"1","63","四川省"
"1","64","天津市"
"1","65","海南省"
"1","66","福建省"
"1","67","内蒙古"
"1","68","吉林省"
"1","69","湖南省"
"1","70","广东省"
"1","71","浙江省"
"1","72","贵州省"
"1","73","台湾省"
"1","74","河北省"
"1","75","甘肃省"
"1","76","河南省"
"1","77","湖北省"
"1","78","江西省"
"1","79","陕西省"
"1","80","青海省"
"1","81","云南省"
"1","82","上海市"
"1","83","山东省"
"1","84","重庆市"
"1","85","山西省"
"1","86","辽宁省"
"1","87","大樱桃"
"1","88","华夫饼"
"1","89","大白菜"
"1","90","朝天椒"
"1","91","胡萝卜"
"1","92","菠萝包"
"1","93","虎皮卷"
"1","94","蛋黄酥"
"1","95","蝴蝶酥"
"1","96","西兰花"
"1","97","铜锣烧"
"1","98","八爪鱼"
"1","99","北极虾"
"1","100","双色糖"
"1","101","鹦鹉鱼"
"1","102","寄居蟹"
"1","103","小丑鱼"
"1","104","小浣熊"
"1","105","小海豹"
"1","106","小马驹"
"1","107","小黄鸭"
"1","108","棒棒糖"
"1","109","棕巧糖"
"1","110","橘瓣糖"
"1","111","比目鱼"
"1","112","狮子鱼"
"1","113","猫头鹰"
"1","114","珊瑚虾"
"1","115","红心糖"
"1","116","绿花糖"
"1","117","蓝纹糖"
"1","118","蓝花糖"
"1","119","食人鱼"
"1","120","黄星糖"
"1","121","doc"
"1","122","sin"
"1","123","cos"
"1","124","sea"
"1","125","消除中"
"1","126","刷新中"
"1","127","car"
"1","128","老用户"
"1","129","out"
"1","130","arc"
"1","131","col"
"1","132","row"
"1","133","IOS"
"1","134","SDK"
"1","135","Key"
"1","136","546"
"1","137","红树莓"
"1","138","门头沟"
"1","139","京白梨"
"1","140","攀枝花"
"1","141","库尔勒"
"1","142","阿克苏"
"1","143","冰糖橙"
"1","144","百香果"
"1","145","尖沙咀"
"1","146","铜锣湾"
"1","147","山核桃"
"1","148","红美人"
"1","149","石家庄"
"1","150","雪花梨"
"1","151","硒砂瓜"
"1","152","马家柚"
"1","153","沙坡头"
"1","154","南长滩"
"1","155","青铜峡"
"1","156","磨盘柿"
"1","157","牛心柿"
"1","158","吐鲁番"
"1","159","石河子"
"1","160","樱桃李"
"1","161","葫芦岛"
"1","162","南果梨"
"1","163","番荔枝"
"1","164","连云港"
"1","165","大晋枣"
"1","166","圣女果"
"1","167","高碑店"
"1","168","覆盆子"
"1","169","罗汉果"
"1","170","双鸭山"
"1","171","蓝靛果"
"1","172","蔓越莓"
"1","173","水晶梨"
"1","174","九龙坡"
"1","175","歪嘴李"
"1","176","海棠果"
"1","177","青花梨"
"1","178","小番茄"
"1","179","毛樱桃"
"1","180","白凤桃"
"1","181","res"
"1","182","列宽度"
"1","183","上到下"
"1","184","左到右"
"1","185","右到左"
"1","186","未知("
"1","187","<td"
"1","188","No."
"1","189","水果砖"
"1","190","向右大"
"1","191","向左大"
"1","192","中间大"
"1","193","雪花大"
"1","194","未解冻"
"1","195","cao"
"1","196","ice"
"1","197","btn"
"1","198","dir"
"1","199","飞翔的"
"1","200","奔跑的"
"1","201","跳跃的"
"1","202","可爱的"
"1","203","神秘的"
"1","204","勇敢的"
"1","205","聪明的"
"1","206","快乐的"
"1","207","忧郁的"
"1","208","疯狂的"
"1","209","安静的"
"1","210","闪亮的"
"1","211","强大的"
"1","212","敏捷的"
"1","213","温柔的"
"1","214","调皮的"
"1","215","认真的"
"1","216","懒惰的"
"1","217","勤奋的"
"1","218","幽默的"
"1","219","独角兽"
"1","220","Fox"
"1","221","冒险家"
"1","222","探索者"
"1","223","孤独者"
"1","224","Sun"
"1","225","99+"
"1","226","jl_"
"1","227","去订阅"
"1","228","甜品1"
"1","229","蔬菜1"
"1","230","动物1"
"1","231","海洋1"
"1","232","糖果1"
"1","233","甜品大"
"1","234","蔬菜大"
"1","235","动物大"
"1","236","海洋大"
"1","237","糖果大"
"1","238"," , "
"1","239","xxx"
"1","240","Map"
"1","241","Set"
"1","242","imp"
"1","243","1.0"
"1","244","MAC"
"1","245","OSX"
"1","246","md5"
"1","247","==="
"1","248"," 字符"
"1","249","abc"
"1","250","z自己"
"1","251","obs"
"1","252","src"
"1","253","dot"
"1","254"," 秒后"
"1","255","pow"
"1","256","主页面"
"2","0","insk"
"2","1","ey_R"
"2","2","Fget"
"2","3","popo"
"2","4","ffse"
"2","5","tpos"
"2","6","mins"
"2","7","dkno"
"2","8","wtop"
"2","9","maxL"
"2","10","ogim"
"2","11","gadd"
"2","12","RUNh"
"2","13","asma"
"2","14","psys"
"2","15","_id总"
"2","16","数量pu"
"2","17","tabs"
"2","18","log猕"
"2","19","猴桃ru"
"2","20","nurl"
"2","21","leiG"
"2","22","ETMD"
"2","23","5eff"
"2","24","水蜜桃a"
"2","25","llen"
"2","26","vtag"
"2","27","新用户T"
"2","28","OPcu"
"2","29","tpan"
"2","30","哈密瓜苹"
"2","31","果梨车厘"
"2","32","子火龙果"
"2","33","人参果红"
"2","34","甘蓝西红"
"2","35","柿黄彩椒"
"2","36","长颈鹿u"
"2","37","idGe"
"2","38","tskC"
"2","39","ipu已"
"2","40","领取ex"
"2","41","tMin"
"2","42","MaxI"
"2","43","ns哈尔"
"2","44","滨黑龙江"
"2","45","北京市江"
"2","46","苏省安徽"
"2","47","省四川省"
"2","48","天津市海"
"2","49","南省福建"
"2","50","省内蒙古"
"2","51","吉林省湖"
"2","52","南省广东"
"2","53","省浙江省"
"2","54","贵州省台"
"2","55","湾省河北"
"2","56","省甘肃省"
"2","57","河南省湖"
"2","58","北省江西"
"2","59","省陕西省"
"2","60","青海省云"
"2","61","南省上海"
"2","62","市山东省"
"2","63","重庆市山"
"2","64","西省辽宁"
"2","65","省大樱桃"
"2","66","华夫饼大"
"2","67","白菜朝天"
"2","68","椒胡萝卜"
"2","69","菠萝包虎"
"2","70","皮卷蛋黄"
"2","71","酥蝴蝶酥"
"2","72","西兰花铜"
"2","73","锣烧八爪"
"2","74","鱼北极虾"
"2","75","双色糖鹦"
"2","76","鹉鱼寄居"
"2","77","蟹小丑鱼"
"2","78","小浣熊小"
"2","79","海豹小马"
"2","80","驹小黄鸭"
"2","81","棒棒糖棕"
"2","82","巧糖橘瓣"
"2","83","糖比目鱼"
"2","84","狮子鱼猫"
"2","85","头鹰珊瑚"
"2","86","虾红心糖"
"2","87","绿花糖蓝"
"2","88","纹糖蓝花"
"2","89","糖食人鱼"
"2","90","黄星糖d"
"2","91","ocsi"
"2","92","ncos"
"2","93","sea消"
"2","94","除中刷新"
"2","95","中car"
"2","96","老用户o"
"2","97","utar"
"2","98","ccol"
"2","99","rowI"
"2","100","OSSD"
"2","101","KKey"
"2","102","546红"
"2","103","树莓门头"
"2","104","沟京白梨"
"2","105","攀枝花库"
"2","106","尔勒阿克"
"2","107","苏冰糖橙"
"2","108","百香果尖"
"2","109","沙咀铜锣"
"2","110","湾山核桃"
"2","111","红美人石"
"2","112","家庄雪花"
"2","113","梨硒砂瓜"
"2","114","马家柚沙"
"2","115","坡头南长"
"2","116","滩青铜峡"
"2","117","磨盘柿牛"
"2","118","心柿吐鲁"
"2","119","番石河子"
"2","120","樱桃李葫"
"2","121","芦岛南果"
"2","122","梨番荔枝"
"2","123","连云港大"
"2","124","晋枣圣女"
"2","125","果高碑店"
"2","126","覆盆子罗"
"2","127","汉果双鸭"
"2","128","山蓝靛果"
"2","129","蔓越莓水"
"2","130","晶梨九龙"
"2","131","坡歪嘴李"
"2","132","海棠果青"
"2","133","花梨小番"
"2","134","茄毛樱桃"
"2","135","白凤桃r"
"2","136","es列宽"
"2","137","度上到下"
"2","138","左到右右"
"2","139","到左未知"
"2","140","(<td"
"2","141","No.水"
"2","142","果砖向右"
"2","143","大向左大"
"2","144","中间大雪"
"2","145","花大未解"
"2","146","冻cao"
"2","147","iceb"
"2","148","tndi"
"2","149","r飞翔的"
"2","150","奔跑的跳"
"2","151","跃的可爱"
"2","152","的神秘的"
"2","153","勇敢的聪"
"2","154","明的快乐"
"2","155","的忧郁的"
"2","156","疯狂的安"
"2","157","静的闪亮"
"2","158","的强大的"
"2","159","敏捷的温"
"2","160","柔的调皮"
"2","161","的认真的"
"2","162","懒惰的勤"
"2","163","奋的幽默"
"2","164","的独角兽"
"2","165","Fox冒"
"2","166","险家探索"
"2","167","者孤独者"
"2","168","Sun9"
"2","169","9+jl"
"2","170","_去订阅"
"2","171","甜品1蔬"
"2","172","菜1动物"
"2","173","1海洋1"
"2","174","糖果1甜"
"2","175","品大蔬菜"
"2","176","大动物大"
"2","177","海洋大糖"
"2","178","果大 ,"
"2","179"," xxx"
"2","180","MapS"
"2","181","etim"
"2","182","p1.0"
"2","183","MACO"
"2","184","SXmd"
"2","185","5==="
"2","186"," 字符a"
"2","187","bcz自"
"2","188","己obs"
"2","189","srcd"
"2","190","ot 秒"
"2","191","后pow"
"2","192","主页面"
"3","0","apply"
"3","1","scale"
"3","2","value"
"3","3","floor"
"3","4","width"
"3","5","group"
"3","6","click"
"3","7","start"
"3","8","uiMgr"
"3","9","appid"
"3","10","panel"
"3","11","angle"
"3","12","ratio"
"3","13","color"
"3","14","error"
"3","15","slice"
"3","16","items"
"3","17","title"
"3","18","level"
"3","19","UNRUN"
"3","20","isUse"
"3","21","score"
"3","22","store"
"3","23","scene"
"3","24","btnIn"
"3","25","count"
"3","26","delay"
"3","27","track"
"3","28","fruit"
"3","29","style"
"3","30","clear"
"3","31","tween"
"3","32","clone"
"3","33","event"
"3","34","Label"
"3","35","query"
"3","36","stack"
"3","37","parse"
"3","38","index"
"3","39","uiMap"
"3","40","_pool"
"3","41","RIGHT"
"3","42","walls"
"3","43","proBg"
"3","44","pools"
"3","45","grids"
"3","46","parts"
"3","47","split"
"3","48","appId"
"3","49","card1"
"3","50","_inst"
"3","51","chrsz"
"3","52","card2"
"3","53","endLv"
"3","54","障碍物数量"
"3","55","tries"
"3","56","speed"
"3","57","hours"
"3","58","light"
"3","59","getPt"
"3","60","shift"
"3","61","props"
"3","62","Tween"
"3","63","erwei"
"3","64","type_"
"3","65","login"
"3","66","cards"
"3","67","inst_"
"3","68","extra"
"3","69","fixed"
"3","70","Error"
"3","71","guang"
"3","72","catch"
"3","73","origX"
"3","74","origY"
"3","75","reset"
"3","76","clips"
"3","77","jsons"
"3","78","errno"
"3","79","debug"
"3","80","Model"
"3","81","round"
"3","82","coins"
"3","83","Audio"
"3","84","black"
"3","85","noNum"
"3","86","dirLa"
"3","87","using"
"3","88","闯关乐消除"
"3","89","解压水果消"
"3","90","fpslv"
"3","91","cloud"
"3","92","setTo"
"3","93","time_"
"3","94","getPr"
"3","95","1.5.8"
"3","96","SHARE"
"3","97","初始化成功"
"3","98","flush"
"3","99","gameW"
"3","100","fallX"
"3","101","scope"
"3","102","pause"
"3","103","bfSp2"
"3","104","atan2"
"3","105","layer"
"3","106","baseY"
"3","107","stage"
"3","108","onGet"
"3","109","exist"
"3","110","登录失败！"
"3","111","close"
"3","112","label"
"3","113","Ratio"
"3","114","Index"
"3","115","西藏自治区"
"3","116","哈密瓜蛋糕"
"3","117","巧克力蛋糕"
"3","118","巧克力饼干"
"3","119","抹茶瑞士卷"
"3","120","芝士甜甜圈"
"3","121","草莓瑞士卷"
"3","122","草莓甜甜圈"
"3","123","草莓酱饼干"
"3","124","草莓马卡龙"
"3","125","蓝莓马卡龙"
"3","126","马卡龙蛋糕"
"3","127","黑森林蛋糕"
"3","128","双色棒棒糖"
"3","129","青浪小三角"
"3","130","奇异果软糖"
"3","131","彩纹三角糖"
"3","132","橙圈甜甜糖"
"3","133","sleep"
"3","134","init2"
"3","135","right"
"3","136","union"
"3","137","sweet"
"3","138","candy"
"3","139","gameH"
"3","140","audio"
"3","141","image"
"3","142","Color"
"3","143","WHITE"
"3","144","Tiger"
"3","145","滑动底03"
"3","146","滑动底02"
"3","147","极限消除王"
"3","148","isDev"
"3","149","proxy"
"3","150","LOGIN"
"3","151","onTap"
"3","152","Midas"
"3","153","上报失败："
"3","154","adnum"
"3","155","clamp"
"3","156","ttURL"
"3","157","wxURL"
"3","158","2.1.0"
"3","159","AbMgr"
"3","160","玫瑰香葡萄"
"3","161","猫山王榴莲"
"3","162","华侨红杨桃"
"3","163","红心火龙果"
"3","164","where"
"3","165","limit"
"3","166","云存档成功"
"3","167","<p>共 "
"3","168","</th>"
"3","169","</td>"
"3","170","</tr>"
"3","171",".html"
"3","172","&amp;"
"3","173","水果解锁砖"
"3","174","Shape"
"3","175","effPr"
"3","176","lvPro"
"3","177",".json"
"3","178","addHp"
"3","179","排行榜滚动"
"3","180","Stage"
"3","181","macro"
"3","182","input"
"3","183","Input"
"3","184","flash"
"3","185","第二关使用"
"3","186","icons"
"3","187","Brave"
"3","188","Happy"
"3","189","Crazy"
"3","190","Quiet"
"3","191","Shiny"
"3","192","Agile"
"3","193","Piggy"
"3","194","Kitty"
"3","195","Puppy"
"3","196","Bunny"
"3","197","Chick"
"3","198","Panda"
"3","199","Hippo"
"3","200","Zebra"
"3","201","无尽挑战者"
"3","202","关卡征服者"
"3","203","Zheng"
"3","204","Aiguo"
"3","205","Aimin"
"3","206","Meili"
"3","207","侧边栏进来"
"3","208","UI_2D"
"3","209","进入侧边栏"
"3","210","h:i:s"
"3","211","match"
"3","212","numBg"
"3","213","当前关卡:"
"3","214","解锁皮肤:"
"3","215","收集数量:"
"3","216","智商高高手"
"3","217","闯关超好玩"
"3","218","1.0.1"
"3","219","初始化结束"
"3","220","false"
"3","221","BAIDU"
"3","222","FALSE"
"3","223","brand"
"3","224","model"
"3","225","上报失败:"
"3","226","监测到超过"
"3","227","IPool"
"3","228","水果图标/"
"3","229","stake"
"3","230","可以上报 "
"3","231","Tool2"
"3","232","break"
"3","233","UI震！ "
"3","234","解锁所有墙"
"3","235","解锁一个墙"
"3","236","小游戏启动"
"3","237","点击排行榜"
"3","238","提交失败！"
"3","239","green"
"3","240","maplv"
"3","241","实验ID:"
"4","0","length"
"4","1","radius"
"4","2","active"
"4","3","concat"
"4","4","getIns"
"4","5","easing"
"4","6","height"
"4","7","random"
"4","8","bundle"
"4","9","status"
"4","10","string"
"4","11","toggle"
"4","12","Sprite"
"4","13","appKey"
"4","14","openid"
"4","15","getRes"
"4","16","onLoad"
"4","17","offset"
"4","18","openID"
"4","19","panel_"
"4","20","target"
"4","21","parent"
"4","22","splice"
"4","23","method"
"4","24","ad_cnt"
"4","25","number"
"4","26","md5_ff"
"4","27","md5_gg"
"4","28","md5_hh"
"4","29","md5_ii"
"4","30","prefab"
"4","31","_cMaxY"
"4","32","inited"
"4","33","Static"
"4","34","events"
"4","35","update"
"4","36","assign"
"4","37","CENTER"
"4","38","obsMax"
"4","39","iceMax"
"4","40","iceAdd"
"4","41","obsAdd"
"4","42","freead"
"4","43","isNoLg"
"4","44","filter"
"4","45","allNum"
"4","46","labNum"
"4","47","finger"
"4","48","rendor"
"4","49","_cMinX"
"4","50","_cMaxX"
"4","51","冰冻水果数量"
"4","52","区间水果数量"
"4","53","特殊水果数量"
"4","54","问号水果数量"
"4","55","object"
"4","56","caller"
"4","57","margin"
"4","58","InitCf"
"4","59","errMsg"
"4","60","_cMinY"
"4","61","charAt"
"4","62","fruits"
"4","63","fillBg"
"4","64","onShow"
"4","65","jumpLv"
"4","66","config"
"4","67","openId"
"4","68","isBind"
"4","69","labPro"
"4","70","skills"
"4","71","report"
"4","72","sizeWH"
"4","73","shadow"
"4","74","Button"
"4","75","btnUse"
"4","76","isInit"
"4","77","saving"
"4","78","create"
"4","79","sensor"
"4","80","bullet"
"4","81","backIn"
"4","82","Prefab"
"4","83","spaceX"
"4","84","spaceY"
"4","85","lvtime"
"4","86","metric"
"4","87","volume"
"4","88","isDown"
"4","89","isHome"
"4","90","sprite"
"4","91","inTime"
"4","92","devLog"
"4","93","offAll"
"4","94","isLock"
"4","95","values"
"4","96","points"
"4","97","repeat"
"4","98","numLab"
"4","99","newTip"
"4","100","basket"
"4","101","scande"
"4","102","lineTo"
"4","103","nowPro"
"4","104","circle"
"4","105","holeLa"
"4","106","header"
"4","107","app_id"
"4","108","saveLs"
"4","109","bgNode"
"4","110","cusRpt"
"4","111","Layers"
"4","112","Widget"
"4","113","refesh"
"4","114","setTip"
"4","115","winFun"
"4","116","isOver"
"4","117","RankIn"
"4","118","onExit"
"4","119","isTest"
"4","120","uiData"
"4","121","wxInfo"
"4","122","cancel"
"4","123","广告展示失败"
"4","124","symbol"
"4","125","revise"
"4","126","TICKET"
"4","127","format"
"4","128","base64"
"4","129","log_id"
"4","130","onJump"
"4","131","INWARD"
"4","132","getPos"
"4","133","fallX_"
"4","134","unlock"
"4","135","wxgame"
"4","136","内蒙古自治区"
"4","137","巧克力甜甜圈"
"4","138","白巧夹心饼干"
"4","139","缤纷纸杯蛋糕"
"4","140","蓝色物语蛋糕"
"4","141","delete"
"4","142","result"
"4","143","reduce"
"4","144","getCom"
"4","145","iceBox"
"4","146","iceTip"
"4","147","从左往右移动"
"4","148","从右往左移动"
"4","149","animal"
"4","150","upInfo"
"4","151","sweets"
"4","152","消除多组水果"
"4","153","Crypto"
"4","154","medium"
"4","155","remove"
"4","156","视频播放中断"
"4","157","return"
"4","158","onHide"
"4","159","revoke"
"4","160","indexs"
"4","161","b64pad"
"4","162","_isPos"
"4","163","isInLv"
"4","164","isBold"
"4","165","genBtn"
"4","166","effPr_"
"4","167","getFPS"
"4","168","imgsul"
"4","169","errmsg"
"4","170","resume"
"4","171","lookAt"
"4","172",")</h2>"
"4","173","</div>"
"4","174","&quot;"
"4","175","&#039;"
"4","176","holeBg"
"4","177","iceLab"
"4","178","streak"
"4","179","btnSet"
"4","180","labfun"
"4","181","saveJS"
"4","182","从上往下移动"
"4","183","bottom"
"4","184","enable"
"4","185","sineIn"
"4","186","quadIn"
"4","187","dirImg"
"4","188","dirLab"
"4","189","chuizi"
"4","190","carEnd"
"4","191","相同水果碰撞"
"4","192","audios"
"4","193","fruit2"
"4","194","fruit4"
"4","195","fruit6"
"4","196","fruit9"
"4","197","isHide"
"4","198","animbg"
"4","199","解锁所有槽位"
"4","200","解锁一个槽位"
"4","201","Flying"
"4","202","Clever"
"4","203","Gentle"
"4","204","Birdie"
"4","205","Dragon"
"4","206","Monkey"
"4","207","Xiaoli"
"4","208",".plist"
"4","209","添加桌面失败"
"4","210","检查快捷方式"
"4","211","没有收集全哦"
"4","212","Canvas"
"4","213","BOTTOM"
"4","214","isShow"
"4","215","dataUI"
"4","216","已通过关卡:"
"4","217","onNext"
"4","218","内容处理函数"
"4","219","使用对象池 "
"4","220","广告未初始化"
"4","221","Object"
"4","222","bd_vid"
"4","223","OTHERS"
"4","224","OPENID"
"4","225","system"
"4","226","BUTTON"
"4","227","bigint"
"4","228","binary"
"4","229","encode"
"4","230","，msg: "
"4","231","同个数据源["
"4","232","的上报日志："
"4","233","os_ver"
"4","234","可以创建绳子"
"4","235","moveTo"
"4","236","stroke"
"4","237","center"
"4","238","lvTime"
"4","239","screen"
"4","240","SOUtil"
"4","241","onload"
"4","242","imgEff"
"4","243","TxList"
"4","244","insert"
"4","245","append"
"4","246","分享到朋友圈"
"4","247","新手引导开始"
"4","248","完成新手引导"
"4","249","外围周边预览"
"4","250","点击进入主题"
"4","251","点击激励视频"
"4","252","玩家点击礼包"
"4","253","登录返回非1"
"4","254","2.29.0"
"4","255","视频加载失败"
"5","0","default"
"5","1","setters"
"5","2","execute"
"5","3","success"
"5","4","content"
"5","5","opacity"
"5","6","gameMgr"
"5","7","ccclass"
"5","8","randomN"
"5","9","indexOf"
"5","10","onClose"
"5","11","message"
"5","12","forEach"
"5","13","getNode"
"5","14","isValid"
"5","15","gravity"
"5","16","backOut"
"5","17","isTouch"
"5","18","moveDir"
"5","19","enabled"
"5","20","ENUM_UI"
"5","21","destroy"
"5","22","headImg"
"5","23","cellNum"
"5","24","getItem"
"5","25","publish"
"5","26","putNode"
"5","27","fillImg"
"5","28","setItem"
"5","29","typeArr"
"5","30","replace"
"5","31","_events"
"5","32","version"
"5","33","DEFAULT"
"5","34","ResType"
"5","35","onError"
"5","36","iceBase"
"5","37","obsBase"
"5","38","holeMax"
"5","39","minutes"
"5","40","Dynamic"
"5","41","recycle"
"5","42","levelBg"
"5","43","editBox"
"5","44","buttons"
"5","45","getSync"
"5","46","unionid"
"5","47","regdate"
"5","48","startLv"
"5","49","getDate"
"5","50","gameMsg"
"5","51","fillPro"
"5","52","clickid"
"5","53","setSync"
"5","54","lvCount"
"5","55","seconds"
"5","56","carNode"
"5","57","skinIds"
"5","58","onBtnIn"
"5","59","_openId"
"5","60","recover"
"5","61","playBGM"
"5","62","isJoint"
"5","63","topWall"
"5","64","fadeMgr"
"5","65","onShare"
"5","66","btn_Win"
"5","67","payType"
"5","68","getRank"
"5","69","setRank"
"5","70","movePos"
"5","71","btnType"
"5","72","curType"
"5","73","fruitBg"
"5","74","poolKey"
"5","75","timeout"
"5","76","isAsync"
"5","77","getTime"
"5","78","game_id"
"5","79","addProp"
"5","80","initCom"
"5","81","bgshade"
"5","82","mainBtn"
"5","83","rankImg"
"5","84","labRank"
"5","85","sprites"
"5","86","request"
"5","87","btnLeft"
"5","88","trigger"
"5","89","isEmpty"
"5","90","actions"
"5","91","counter"
"5","92","sceneId"
"5","93","stopped"
"5","94","allRes_"
"5","95","release"
"5","96","restore"
"5","97","toFixed"
"5","98","caoNode"
"5","99","onMusic"
"5","100","onSound"
"5","101","btn_get"
"5","102","isOnAdd"
"5","103","btn_cbl"
"5","104","btnWord"
"5","105","hex_md5"
"5","106","btnSure"
"5","107","exports"
"5","108","md5_cmn"
"5","109","enqueue"
"5","110","resItem"
"5","111","nameMap"
"5","112","onerror"
"5","113","isArray"
"5","114","overFun"
"5","115","UseSkin"
"5","116","texture"
"5","117","_prefab"
"5","118","proFill"
"5","119","themeBg"
"5","120","anchorX"
"5","121","anchorY"
"5","122","putItem"
"5","123","initPos"
"5","124","channel"
"5","125","btnOpen"
"5","126","btnJump"
"5","127","quadOut"
"5","128","dequeue"
"5","129","getPool"
"5","130","_openid"
"5","131","tooltip"
"5","132","Handler"
"5","133","runWith"
"5","134","mouseup"
"5","135","getClip"
"5","136","playing"
"5","137","stopBGM"
"5","138","upIceLa"
"5","139","EditBox"
"5","140","numRoot"
"5","141","fullTip"
"5","142","preferY"
"5","143","_status"
"5","144","onStart"
"5","145","onclose"
"5","146","NewSign"
"5","147","isExist"
"5","148","card1ID"
"5","149","card2ID"
"5","150","isEnded"
"5","151","激励奖励已发放"
"5","152","addItem"
"5","153","nameLbl"
"5","154","PiaoEff"
"5","155","piaoEff"
"5","156","shuffle"
"5","157","ad_type"
"5","158","current"
"5","159","keyList"
"5","160","expt_id"
"5","161","广西壮族自治区"
"5","162","香港特别行政区"
"5","163","宁夏回族自治区"
"5","164","澳门特别行政区"
"5","165","巧克力夹心饼干"
"5","166","expJson"
"5","167","checkID"
"5","168","GameMgr"
"5","169","sineOut"
"5","170","showAni"
"5","171","animals"
"5","172","candies"
"5","173","Restart"
"5","174","openFps"
"5","175","intTime"
"5","176","checktt"
"5","177","loadOne"
"5","178","sidebar"
"5","179","getData"
"5","180","unshift"
"5","181","gdt_vid"
"5","182","UNKNOWN"
"5","183","ANDROID"
"5","184","WINDOWS"
"5","185","unknown"
"5","186","SUCCESS"
"5","187","boolean"
"5","188","install"
"5","189","LabelUp"
"5","190","SetData"
"5","191","bit_rol"
"5","192","hexcase"
"5","193","getPos2"
"5","194","getPos3"
"5","195","toarray"
"5","196","TestMgr"
"5","197","tickSec"
"5","198","Vibrate"
"5","199","ViewFPS"
"5","200","baseUrl"
"5","201","newSign"
"5","202","wxLogin"
"5","203","loginEd"
"5","204","微信平台环境，"
"5","205","getName"
"5","206","extends"
"5","207","openId:"
"5","208","<style>"
"5","209","xiaochu"
"5","210","density"
"5","211","landEff"
"5","212","btnPlay"
"5","213","btnLoad"
"5","214","字数不少于10"
"5","215","reverse"
"5","216","boxBoom"
"5","217","GameMsg"
"5","218","zhanpai"
"5","219","GbzEnum"
"5","220","排位获得新段位"
"5","221","水果消除bgm"
"5","222","胜利后获得蔬菜"
"5","223","fruit17"
"5","224","fruit30"
"5","225","btn_cf1"
"5","226","btn_cf2"
"5","227","btn_cf3"
"5","228","切换配置为原版"
"5","229","切换配置为简单"
"5","230","切换配置为困难"
"5","231","btn_sub"
"5","232","isClick"
"5","233","Running"
"5","234","Jumping"
"5","235","Naughty"
"5","236","Serious"
"5","237","Penguin"
"5","238","Unicorn"
"5","239","Phoenix"
"5","240","Giraffe"
"5","241","Xiaohua"
"5","242","Xiaomei"
"5","243","Xiaojie"
"5","244","Wenjing"
"5","245","Jianguo"
"5","246","Jianjun"
"5","247","Xiuying"
"5","248","loadDir"
"5","249","dyIsNew"
"5","250","canIUse"
"5","251","onPaint"
"5","252","refPart"
"5","253",", code:"
"5","254","valueOf"
"5","255","TENCENT"
"5","256","item_id"
"5","257","ALIBABA"
"5","258","trackid"
"5","259","Windows"
"5","260","初始化超过上限"
"5","261","sdk_ver"
"5","262","os_type"
"5","263","oinInit"
"5","264","logoCom"
"5","265","LogoCom"
"5","266","b64_md5"
"5","267","str_md5"
"5","268","onClick"
"5","269","RTQueue"
"5","270","flyGold"
"5","271","labelUp"
"5","272","boomEff"
"5","273","showEff"
"5","274","foreach"
"5","275","toArray"
"5","276","PropDes"
"5","277","无效的关卡数据"
"5","278","点击进入游戏圈"
"5","279","======="
"5","280","confirm"
"5","281","视频未完整观看"
"5","282","广告展示失败1"
"6","0","instance"
"6","1","position"
"6","2","platform"
"6","3","register"
"6","4","cclegacy"
"6","5","children"
"6","6","typeBase"
"6","7","writable"
"6","8","num30Add"
"6","9","property"
"6","10","ad_video"
"6","11","toString"
"6","12","btnClose"
"6","13","gameRoot"
"6","14","bg_color"
"6","15","onEnable"
"6","16","userName"
"6","17","duration"
"6","18","nameStrs"
"6","19","level_id"
"6","20","adUnitId"
"6","21","globalxz"
"6","22","shareUrl"
"6","23","maxCount"
"6","24","addChild"
"6","25","countArr"
"6","26","holeComp"
"6","27","setScale"
"6","28","isPlayer"
"6","29","scaleExp"
"6","30","isInSlot"
"6","31","onUpdate"
"6","32","function"
"6","33","log_type"
"6","34","_bottomY"
"6","35","leftWall"
"6","36","ad_inter"
"6","37","clickNum"
"6","38","fansqUrl"
"6","39","num10Add"
"6","40","holeBase"
"6","41","complete"
"6","42","Platform"
"6","43","includes"
"6","44","disJoint"
"6","45","slotsNum"
"6","46","itemSize"
"6","47","graphics"
"6","48","getMonth"
"6","49","iceCount"
"6","50","obsCount"
"6","51","distance"
"6","52","todayStr"
"6","53","skinData"
"6","54","reporter"
"6","55","iceComps"
"6","56","userType"
"6","57","vertical"
"6","58","conf_key"
"6","59","gameInfo"
"6","60","safe_add"
"6","61","isShared"
"6","62","shareTag"
"6","63","parallel"
"6","64","btnShare"
"6","65","btn_fans"
"6","66","btn_rank"
"6","67","logoNode"
"6","68","wordRank"
"6","69","quantity"
"6","70","fpsQueue"
"6","71","labFruit"
"6","72","canCheck"
"6","73","scoreMax"
"6","74","GAME_BGM"
"6","75","selfData"
"6","76","fontSize"
"6","77","btnshare"
"6","78","offClose"
"6","79","core_md5"
"6","80","maxTries"
"6","81","rotation"
"6","82","isUpdate"
"6","83","dropLeft"
"6","84","effsRoot"
"6","85","fruitStr"
"6","86","btn_back"
"6","87","wordList"
"6","88","CryptoJS"
"6","89","btnRight"
"6","90","contents"
"6","91","通过SDK上报的"
"6","92","str2binl"
"6","93","operator"
"6","94","costTime"
"6","95","imageUrl"
"6","96","GetCross"
"6","97","HoleComp"
"6","98","friction"
"6","99","onSubmit"
"6","100","sweetStr"
"6","101","chgCount"
"6","102","btn_exit"
"6","103","changeBg"
"6","104","setLayer"
"6","105","sdk_name"
"6","106","PURCHASE"
"6","107","ogEvents"
"6","108","getItems"
"6","109","loginURL"
"6","110","videFail"
"6","111","director"
"6","112","schedule"
"6","113","isNewDay"
"6","114","isUnlock"
"6","115","comboKey"
"6","116","comboMax"
"6","117","basket01"
"6","118","hideWall"
"6","119","upHoleLa"
"6","120","candyStr"
"6","121","shanNode"
"6","122","GAME_CAR"
"6","123","GAME_WIN"
"6","124","allLable"
"6","125","setAppid"
"6","126","isOnShow"
"6","127","curTheme"
"6","128","adAllNum"
"6","129","use_type"
"6","130","fruitImg"
"6","131","buffList"
"6","132","REGISTER"
"6","133","is_retry"
"6","134","drawRope"
"6","135","getScene"
"6","136","BgCtrCom"
"6","137","padStart"
"6","138","subtract"
"6","139","opReport"
"6","140","event_id"
"6","141","fileName"
"6","142","mouseout"
"6","143","isCircle"
"6","144","hitPower"
"6","145","getFruit"
"6","146","Graphics"
"6","147","isIceTip"
"6","148","initWall"
"6","149","totalNum"
"6","150","showAnim"
"6","151","checkWin"
"6","152","isPaused"
"6","153","addScore"
"6","154","genFruit"
"6","155","aniPanel"
"6","156","endPoint"
"6","157","SetCurLv"
"6","158","curLevel"
"6","159","onAniEnd"
"6","160","microapp"
"6","161","getLayer"
"6","162","仅支持小游戏平台"
"6","163","openFans"
"6","164","./MD5.ts"
"6","165","parseInt"
"6","166","titleStr"
"6","167","addItems"
"6","168","offError"
"6","169","iterator"
"6","170","local_id"
"6","171","minigame"
"6","172","binl2hex"
"6","173","binl2b64"
"6","174","binl2str"
"6","175","saveName"
"6","176","gameTime"
"6","177","sp_width"
"6","178","getFpsLv"
"6","179","item_num"
"6","180","openlink"
"6","181","tryLogin"
"6","182","multiton"
"6","183","新疆维吾尔自治区"
"6","184","Material"
"6","185","NodePool"
"6","186","autoGame"
"6","187","autoPlay"
"6","188","endsWith"
"6","189","CloudMgr"
"6","190","insCloud"
"6","191","getHours"
"6","192","pauseBGM"
"6","193","lastTime"
"6","194","genLvMap"
"6","195","stopGame"
"6","196","labLevel"
"6","197","FruitMgr"
"6","198","StopPkAi"
"6","199","AddCurLv"
"6","200","PropType"
"6","201","ENUM_RES"
"6","202","GbzIndex"
"6","203","setUIMgr"
"6","204","labInfos"
"6","205","onBtnCf1"
"6","206","onBtnCf2"
"6","207","onBtnCf3"
"6","208","themeTip"
"6","209","onRelive"
"6","210","scanCode"
"6","211","GlobalXZ"
"6","212","delegate"
"6","213","InitPart"
"6","214","GetParts"
"6","215","safeArea"
"6","216","trace_id"
"6","217","callback"
"6","218","ogWeight"
"6","219","signData"
"6","220",", data: "
"6","221","initGrid"
"6","222","initPart"
"6","223","removeAt"
"6","224","pkTitile"
"6","225","clealAll"
"6","226","database"
"6","227","saveUser"
"6","228","response"
"6","229","DebugLog"
"6","230","</style>"
"6","231","download"
"6","232","cooldown"
"6","233","blackBox"
"6","234","loadJson"
"6","235","playTest"
"6","236","stoneStr"
"6","237","从两侧往中间移动"
"6","238","掉落解锁未知水果"
"6","239","黑洞内有多个水果"
"6","240","basket02"
"6","241","xiangxia"
"6","242","carStart"
"6","243","propName"
"6","244","ui_click"
"6","245","viewPort"
"6","246","bg/dirLa"
"6","247","maxLevel"
"6","248","minLevel"
"6","249","Powerful"
"6","250","Diligent"
"6","251","Humorous"
"6","252","Duckling"
"6","253","Werewolf"
"6","254","Dinosaur"
"6","255","Elephant"
"6","256","Kangaroo"
"6","257","Explorer"
"6","258","Chung Li"
"6","259","Xiaoming"
"6","260","Xiaohong"
"6","261","Xiaogang"
"6","262","Zhiqiang"
"6","263","检查快捷方式失败"
"6","264","cardName"
"6","265","sequence"
"6","266","overflow"
"6","267","Overflow"
"6","268","GbzUtils"
"6","269","RichText"
"6","270","initSkin"
"6","271","gridInfo"
"6","272","scrollTo"
"6","273",", code: "
"6","274","calling "
"6","275","kuaishou"
"6","276","KUAISHOU"
"6","277","LOCAL_ID"
"6","278","CLICK_ID"
"6","279","actionId"
"6","280","队列长度超过限制"
"6","281","joinRoom"
"6","282","subarray"
"6","283","上报行为类型: "
"6","284","上报请求参数: "
"6","285","上报接口返回码:"
"6","286","APP_QUIT"
"6","287","缺少 appid"
"6","288","]只能初始化一次"
"6","289","sys_info"
"6","290","请先初始化SDK"
"6","291","devtools"
"6","292","setDebug"
"6","293","RandTool"
"6","294","enter_lv"
"6","295","game_win"
"6","296","水果种类减少数量"
"6","297","SelfPool"
"6","298","getBound"
"6","299","CCString"
"6","300","WxIAAMgr"
"6","301","设置openId"
"6","302","回流用户，超过 "
"6","303","Get_Item"
"6","304","GET_ITEM"
"6","305","Use_Item"
"6","306","USE_ITEM"
"6","307","AD_CLICK"
"6","308","Gift_Get"
"6","309","GIFT_GET"
"6","310","tutorial"
"6","311"," 次重试，将在 "
"6","312","onResize"
"7","0","prototype"
"7","1","typeStage"
"7","2","RandomInt"
"7","3","num10Base"
"7","4","num30Base"
"7","5","Component"
"7","6","stringify"
"7","7","halfGameW"
"7","8","EventType"
"7","9","lv7Config"
"7","10","fruitType"
"7","11","randomMin"
"7","12","fruitComp"
"7","13","lv4Config"
"7","14","lv8Config"
"7","15","lv9Config"
"7","16","useSkinId"
"7","17","secondary"
"7","18","halfGameH"
"7","19","_instance"
"7","20","ad_banner"
"7","21","ENUM_CLIP"
"7","22","woodenObs"
"7","23","stopDownY"
"7","24","RB_GROUPS"
"7","25","TOUCH_END"
"7","26","breakWall"
"7","27","showEdNum"
"7","28","randomBox"
"7","29","UIOpacity"
"7","30","maxLength"
"7","31","rightWall"
"7","32","propIcons"
"7","33","reportLog"
"7","34","fadeInOut"
"7","35","isDowning"
"7","36","timestamp"
"7","37","curLvMaxY"
"7","38","lv2Config"
"7","39","onDestroy"
"7","40","onDisable"
"7","41","holeComps"
"7","42","btn_close"
"7","43","action_id"
"7","44","nowConfig"
"7","45","holeScale"
"7","46","gameState"
"7","47","fillRange"
"7","48","animNodes"
"7","49","strTipLab"
"7","50","skinCount"
"7","51","btn_music"
"7","52","btn_sound"
"7","53","initVideo"
"7","54","undefined"
"7","55","showVideo"
"7","56","btn_Close"
"7","57","dateArray"
"7","58","conf_name"
"7","59","wrapTrack"
"7","60","curLvMinY"
"7","61","curLvMaxX"
"7","62","curLvMinX"
"7","63","marginMul"
"7","64","todayTime"
"7","65","shareCall"
"7","66","triggerGC"
"7","67","isPlaying"
"7","68","propCount"
"7","69","themeType"
"7","70","LAYER_WIN"
"7","71","btn_share"
"7","72","holeCount"
"7","73","construct"
"7","74","_platform"
"7","75","lv6Config"
"7","76","closeTime"
"7","77","showToast"
"7","78","userDocId"
"7","79","saveTimer"
"7","80","excelData"
"7","81","fruitName"
"7","82","middleBox"
"7","83","hitFruits"
"7","84","offButton"
"7","85","levelComp"
"7","86","btn_start"
"7","87","btn_Theme"
"7","88","initInter"
"7","89","eventName"
"7","90","reporting"
"7","91","START_APP"
"7","92","getBundle"
"7","93","iceCounts"
"7","94","originPos"
"7","95","dropRight"
"7","96","fruitMove"
"7","97","checkLose"
"7","98","isBrowser"
"7","99","propInfos"
"7","100","shareInfo"
"7","101","spaceSize"
"7","102","__proto__"
"7","103","err_stack"
"7","104","productId"
"7","105","gameWidth"
"7","106","contentID"
"7","107","leftValue"
"7","108","dimension"
"7","109","guardrail"
"7","110","FruitComp"
"7","111","fruitDown"
"7","112","leaderTip"
"7","113","stakeRoot"
"7","114","dirImgStr"
"7","115","dirLabStr"
"7","116","setFinger"
"7","117","btnFriend"
"7","118","curlLevel"
"7","119","_adAllNum"
"7","120","showInter"
"7","121","spriteFun"
"7","122","needCount"
"7","123","ad_native"
"7","124","checkTest"
"7","125","flushSend"
"7","126","setOpenId"
"7","127","ChuiziCom"
"7","128","unlockNum"
"7","129","game_file"
"7","130","ontimeout"
"7","131","resumeBGM"
"7","132","isHolePos"
"7","133","GAME_LAND"
"7","134","normalize"
"7","135","bgMoveDis"
"7","136","sortFruit"
"7","137","vegetable"
"7","138","xiaochu_2"
"7","139","xiaochu_3"
"7","140","xiaochu_5"
"7","141","GAME_LOSE"
"7","142","xiaochu_1"
"7","143","xiaochu_4"
"7","144","onVibrate"
"7","145","onRestart"
"7","146","bundleMap"
"7","147","targetPro"
"7","148","autoTrack"
"7","149","isRevised"
"7","150","subscribe"
"7","151","repulsion"
"7","152","curTheme_"
"7","153","stopMoveX"
"7","154","onTickSec"
"7","155","CACHE_KEY"
"7","156","Canvas/UI"
"7","157","_breaking"
"7","158","isLogging"
"7","159","fromEuler"
"7","160","sweepTime"
"7","161","Texture2D"
"7","162","rowHeight"
"7","163","initLvCfg"
"7","164","mousemove"
"7","165","mouseover"
"7","166","mousedown"
"7","167","_isInSlot"
"7","168","_holeComp"
"7","169","breakHole"
"7","170","initJoint"
"7","171","onEditEnd"
"7","172","getPrefab"
"7","173","fillLight"
"7","174","reviveFun"
"7","175","fullSound"
"7","176","hasActive"
"7","177","btnWinFun"
"7","178","onSetting"
"7","179","openTheme"
"7","180","setPrefab"
"7","181","namesData"
"7","182","VideoType"
"7","183","game_list"
"7","184","initParam"
"7","185","dataIndex"
"7","186","shareType"
"7","187","IceFollow"
"7","188","substring"
"7","189","addAction"
"7","190","sortQueue"
"7","191","START_PAY"
"7","192","batchSend"
"7","193","gameLevel"
"7","194","_cMoveDir"
"7","195","eliminate"
"7","196","unlockAll"
"7","197","isNewUser"
"7","198","item_type"
"7","199","AudioClip"
"7","200","resources"
"7","201","DragFruit"
"7","202","getOpenId"
"7","203","getScaleX"
"7","204","CusReport"
"7","205","CCInteger"
"7","206","stopSound"
"7","207","fruitDrop"
"7","208","streakFun"
"7","209","LocalData"
"7","210","fruitsIDS"
"7","211","colorLoop"
"7","212","initLevel"
"7","213","resumGame"
"7","214","mpVersion"
"7","215","fillColor"
"7","216","Animation"
"7","217","openTTCbl"
"7","218","openTTADD"
"7","219","openShare"
"7","220","ttcanluse"
"7","221","changeImg"
"7","222","onZhuxiao"
"7","223","InitPart2"
"7","224","InitPart7"
"7","225","InitPart8"
"7","226","cgiName: "
"7","227","sdkWeight"
"7","228","RE_ACTIVE"
"7","229","timeStamp"
"7","230","TIME_LINE"
"7","231","JumpLvBtn"
"7","232","RandArray"
"7","233","initItems"
"7","234","reportPro"
"7","235","TickCntlr"
"7","236","startTime"
"7","237","setOpenID"
"7","238","moveFruit"
"7","239","loadResSF"
"7","240","loadImage"
"7","241","列宽度设置（像素）"
"7","242","__audio__"
"7","243","Kinematic"
"7","244","dragFruit"
"7","245","minLength"
"7","246","xiangxia大"
"7","247","viewTime_"
"7","248","starTween"
"7","249","getNewPos"
"7","250","dirTipFun"
"7","251","getLvType"
"7","252","JsonAsset"
"7","253","水果消除关卡bgm"
"7","254","lastLevel"
"7","255","layoutPro"
"7","256","EXACT_FIT"
"7","257","animNode0"
"7","258","animNode1"
"7","259","bg_notice"
"7","260","Level Pro"
"7","261","Xiaoqiang"
"7","262","usedNames"
"7","263","findIndex"
"7","264","game_name"
"7","265","game_icon"
"7","266","game_path"
"7","267","signParam"
"7","268","判定抖音归因 : "
"7","269","scrolling"
"7","270"," 预制体没有赋值 "
"7","271","DateArray"
"7","272","113954177"
"7","273","gameLogin"
"7","274","Arguments"
"7","275","BYTEDANCE"
"7","276","ksChannel"
"7","277","uctrackid"
"7","278","wxgamepro"
"7","279","AUTHORIZE"
"7","280","revocable"
"7","281","付费金额需要为数字"
"7","282","付费金额需要大于0"
"7","283","onAppQuit"
"7","284","auto_attr"
"7","285","获取托管策略失败:"
"7","286","lifecycle"
"7","287","LayoutIMy"
"7","288","localData"
"7","289","undergoLv"
"7","290","LvConfig1"
"7","291","LvConfig2"
"7","292","LvConfig3"
"7","293","PkManager"
"7","294","cusReport"
"7","295","ticketnum"
"7","296","randomNum"
"7","297","getCenter"
"7","298","grayscale"
"7","299","isSameDay"
"7","300","signAngle"
"7","301","getAspect"
"7","302","用户最后活跃天数:"
"7","303","获取关卡数据失败:"
"7","304","SUBSCRIBE"
"7","305","快来PK,看谁最强"
"7","306","hasUpdate"
"7","307","showModal"
"7","308","onMessage"
"7","309","realWidth"
"7","310","暂无广告，稍后重试"
"7","311","imageName"
"7","312","authorize"
"8","0","simpleName"
"8","1","enumerable"
"8","2","num100Add2"
"8","3","num100Add1"
"8","4","_decorator"
"8","5","fruitsComp"
"8","6","GAME_CLICK"
"8","7","game_level"
"8","8","scrollView"
"8","9","randomBase"
"8","10","game_music"
"8","11","game_sound"
"8","12","secret_key"
"8","13","fruitScale"
"8","14","setRigType"
"8","15","LAYER_MAIN"
"8","16","titleNodes"
"8","17","allCreateN"
"8","18","initErrMsg"
"8","19","skillIndex"
"8","20","isCollider"
"8","21","bindOffset"
"8","22","LAYER_MENU"
"8","23","lose_panel"
"8","24","charCodeAt"
"8","25","区间水果数量(详细)"
"8","26","itemLayout"
"8","27","isCanCheck"
"8","28","statusCode"
"8","29","lv10Config"
"8","30","adbtn_name"
"8","31","isCanTouch"
"8","32","downOrgPos"
"8","33","bindPoints"
"8","34","colorLimit"
"8","35","progressBg"
"8","36","totalCount"
"8","37","os_version"
"8","38","fruitRopes"
"8","39","itemRadius"
"8","40","btn_submit"
"8","41","bottomWall"
"8","42","targetNode"
"8","43","btnsSetPos"
"8","44","nodeChuizi"
"8","45","readyState"
"8","46","comboIndex"
"8","47","checkBound"
"8","48","itemConnet"
"8","49","initBanner"
"8","50","proxyEvent"
"8","51","session_id"
"8","52","getMaxType"
"8","53","KVDataList"
"8","54","clickFruit"
"8","55","jointFruit"
"8","56","refreshPro"
"8","57","LAYER_EXIT"
"8","58","touchClick"
"8","59","friendRank"
"8","60","proBg_fill"
"8","61","themeCount"
"8","62","bufferSize"
"8","63","bufferZone"
"8","64","wx_version"
"8","65","rightValue"
"8","66","getPropNum"
"8","67","allowSleep"
"8","68","btn_Remove"
"8","69","backInHome"
"8","70","shareClick"
"8","71","btnBgshade"
"8","72","btn_advise"
"8","73","retryCount"
"8","74","collectAll"
"8","75","btnSureFun"
"8","76","NewOnePart"
"8","77","envVersion"
"8","78","collection"
"8","79","StreakComp"
"8","80","inCheckBox"
"8","81","isAutoDrop"
"8","82","fruitTween"
"8","83","clickCount"
"8","84","isBreaking"
"8","85","stoneStrJs"
"8","86","isOnScreen"
"8","87","animalsStr"
"8","88","LAYER_Fans"
"8","89","GAME_SPRAY"
"8","90","isThemeTip"
"8","91","videoClick"
"8","92","onBackHome"
"8","93","btn_relive"
"8","94","showBanner"
"8","95","_gift_name"
"8","96","changeCard"
"8","97","getBgshade"
"8","98","initFinish"
"8","99","outTradeNo"
"8","100","onAppStart"
"8","101","auto_track"
"8","102","halfGameH_"
"8","103","halfGameW_"
"8","104","stopDownY_"
"8","105","loginTimer"
"8","106","appearTime"
"8","107","bundelName"
"8","108","loadBundle"
"8","109","loadRemote"
"8","110","event_data"
"8","111","rightclick"
"8","112","touchStart"
"8","113","./Tool2.ts"
"8","114","firstLevel"
"8","115","unschedule"
"8","116","onGameOver"
"8","117","safeMargin"
"8","118","startPoint"
"8","119","CITIESOUND"
"8","120","Level_Exit"
"8","121","levelLable"
"8","122","LoadFinish"
"8","123","openAdvise"
"8","124","onWordRank"
"8","125","removeItem"
"8","126","HwPlatform"
"8","127","event_type"
"8","128","jl_channel"
"8","129","getNodeStr"
"8","130","arrQuChong"
"8","131","getDiffArr"
"8","132","themeBgStr"
"8","133","initNative"
"8","134","forceLogin"
"8","135","offsetTime"
"8","136","getStorage"
"8","137","FINISH_PAY"
"8","138","deviceInfo"
"8","139","isMyGameIn"
"8","140","gameHeight"
"8","141","logoFrames"
"8","142","originalPt"
"8","143","useSkinId_"
"8","144","stopMoveX_"
"8","145","shengyunum"
"8","146","clearCache"
"8","147","_dataIndex"
"8","148","showCancel"
"8","149","contentIDs"
"8","150","playHammer"
"8","151","playEffect"
"8","152","opAdTicket"
"8","153","./AbMgr.ts"
"8","154","xorDecrypt"
"8","155","editorRoot"
"8","156","formatTime"
"8","157","getMinutes"
"8","158","getSeconds"
"8","159","trackEvent"
"8","160","escapeHtml"
"8","161","clickTween"
"8","162","showLeader"
"8","163","fruitReset"
"8","164","levelCount"
"8","165","adviseTime"
"8","166","totalTime_"
"8","167","getImgFill"
"8","168","blitzkrieg"
"8","169","hightLight"
"8","170","holeSplice"
"8","171","bubbleSort"
"8","172","ConnectNum"
"8","173","getSafePos"
"8","174","upDrawRope"
"8","175","stroageKey"
"8","176","seaAnimals"
"8","177","setFadeMgr"
"8","178","loadQRCode"
"8","179","blackInput"
"8","180","getAppInfo"
"8","181","setGameMgr"
"8","182","Level_Pass"
"8","183","BACKGROUND"
"8","184","panelTween"
"8","185","Level_Lose"
"8","186","propNumLbl"
"8","187","levelShare"
"8","188","btnLeftFun"
"8","189","LAYER_RANK"
"8","190","ScrollView"
"8","191","updateItem"
"8","192","@@iterator"
"8","193","__esModule"
"8","194","config/get"
"8","195","production"
"8","196","SDKVersion"
"8","197","userWeight"
"8","198","loadConfig"
"8","199","goodsPrice"
"8","200","Sign-Value"
"8","201","onRegister"
"8","202","setUnionId"
"8","203","JDPlatform"
"8","204","createRope"
"8","205","initFruits"
"8","206","ranTypeArr"
"8","207","lineHeight"
"8","208","tickUpdate"
"8","209","VibrateCom"
"8","210","checkLogin"
"8","211","onReActive"
"8","212","startLogin"
"8","213","getSetting"
"8","214","GetNowType"
"8","215","SetNowType"
"8","216","CityConfig"
"8","217","CCNodePool"
"8","218"," ,go.name "
"8","219","CocosUtils"
"8","220","releaseAll"
"8","221","GAME_DATA_"
"8","222","unlockSkin"
"8","223","instensity"
"8","224"," 个关卡数据</p>"
"8","225","POST_SOLVE"
"8","226","moveEditor"
"8","227","creatFruit"
"8","228","exportFile"
"8","229","adviseType"
"8","230","通过消除解锁冰冻水果"
"8","231","stopSystem"
"8","232","isTipTheme"
"8","233","videoLevel"
"8","234","getItemTip"
"8","235","未找到统计面板节点！"
"8","236","btn_close2"
"8","237","loseCounts"
"8","238","Mysterious"
"8","239","Melancholy"
"8","240","Speed King"
"8","241","Adventurer"
"8","242","Lonely One"
"8","243","checkScene"
"8","244","project_id"
"8","245","nodeLayout"
"8","246","不能没有Mask组件"
"8","247","clue_token"
"8","248","SIGN_ERROR"
"8","249","队列长度超过最大限制"
"8","250","createRoom"
"8","251","[Circular]"
"8","252","trace_id: "
"8","253","onPurchase"
"8","254","角色名称需要为字符串"
"8","255","actionTime"
"8","256","minVersion"
"8","257","conf_param"
"8","258","jointPoint"
"8","259","getPosList"
"8","260","totalScore"
"8","261","RandNumber"
"8","262","reportData"
"8","263","enter_game"
"8","264","level_loss"
"8","265","printQueue"
"8","266","ScoreLvMgr"
"8","267","addAdScore"
"8","268","showFlyObj"
"8","269","./IPool.ts"
"8","270","转发给朋友,主动分享"
"8","271","LEVEL_EXIT"
"8","272","LEVEL_LOSE"
"8","273","LEVEL_PASS"
"8","274","激励视频完整播放完毕"
"8","275","请转发到群或好友哦！"
"8","276","realHeight"
"8","277","param_name"
"9","0","cityNameArr"
"9","1","platformApi"
"9","2","initializer"
"9","3","num100Base3"
"9","4","num100Base2"
"9","5","onsNumScale"
"9","6","num100Base1"
"9","7","lastTypeMin"
"9","8","TwoNumScale"
"9","9","ad_video_id"
"9","10","ad_inter_id"
"9","11","num30reduce"
"9","12","num100Base4"
"9","13","spriteFrame"
"9","14","isCusReport"
"9","15","arrangeType"
"9","16","setPosition"
"9","17","randomScale"
"9","18","createClass"
"9","19","polygonInfo"
"9","20","_dispatcher"
"9","21","./SOUtil.ts"
"9","22","sdk_version"
"9","23","UITransform"
"9","24","fruitConfig"
"9","25","getPlatform"
"9","26","SpriteFrame"
"9","27","ENUM_STATUS"
"9","28","oneCreatreN"
"9","29","twoCreatreN"
"9","30","lastTypeAdd"
"9","31","holeAddbase"
"9","32","displayName"
"9","33","getPosition"
"9","34","action_type"
"9","35","activeShare"
"9","36","pendingData"
"9","37","style/panel"
"9","38","getFullYear"
"9","39","TOUCH_START"
"9","40","btn_vibrate"
"9","41","constructor"
"9","42","lastDayTime"
"9","43","miniProgram"
"9","44","btn_restart"
"9","45","createdList"
"9","46","adIntervals"
"9","47","FruitConfig"
"9","48","restitution"
"9","49","onGameStart"
"9","50","btn_setting"
"9","51","btn_Service"
"9","52","httpRequest"
"9","53","changeTheme"
"9","54","executeSend"
"9","55","share_title"
"9","56","WECHAT_GAME"
"9","57","lastCurRank"
"9","58","contentSize"
"9","59","postMessage"
"9","60","RigidBody2D"
"9","61","unlockFruit"
"9","62","dayShareNum"
"9","63","btn_request"
"9","64","wx_platform"
"9","65","action_time"
"9","66","ad_trace_id"
"9","67","getBaseInfo"
"9","68","onRefreshUI"
"9","69","isUseReport"
"9","70","item_source"
"9","71","isShowVideo"
"9","72","onSubscribe"
"9","73","setProperty"
"9","74","fruitSplice"
"9","75","reliveCount"
"9","76","labProgress"
"9","77","getInstance"
"9","78","isOnRequest"
"9","79","SpriteAtlas"
"9","80","reportDelay"
"9","81","retry_count"
"9","82","queueManage"
"9","83","getStrategy"
"9","84","inner_param"
"9","85","videoCaller"
"9","86","playOneShot"
"9","87","audioSource"
"9","88","hasListener"
"9","89","createTimer"
"9","90","removeJoint"
"9","91","fruitSprite"
"9","92","activeTween"
"9","93","getNodeName"
"9","94","reportAdRwd"
"9","95","rankRolling"
"9","96","_gift_scene"
"9","97","_gift_value"
"9","98","_event_type"
"9","99","signVersion"
"9","100","buyQuantity"
"9","101","Client-Time"
"9","102","visibleSize"
"9","103","enterlvtime"
"9","104","saveToCache"
"9","105","getLvAdInfo"
"9","106","reportScene"
"9","107","enableDebug"
"9","108","update_time"
"9","109","param_value"
"9","110","resetSystem"
"9","111","msgTypeList"
"9","112","instantiate"
"9","113","getUserData"
"9","114","getTodayStr"
"9","115","addEmptyRow"
"9","116","doubleclick"
"9","117","lineOpacity"
"9","118","recycleSelf"
"9","119","removeFruit"
"9","120","btn_Disturb"
"9","121","setDataList"
"9","122","createPoint"
"9","123","btnWordShow"
"9","124","_isOpenTest"
"9","125","addShortcut"
"9","126","btn_zhuxiao"
"9","127","LAYER_THEME"
"9","128","LAYER_TTADD"
"9","129","LAYER_TTCBL"
"9","130","getDistance"
"9","131","timerFormat"
"9","132","scrollToTop"
"9","133","upHoleLaPos"
"9","134","huaweiAgree"
"9","135","screenWidth"
"9","136","removeItems"
"9","137","APP_MESSAGE"
"9","138","getLegalPos"
"9","139","_totalScore"
"9","140","backFlowDay"
"9","141","sessionFrom"
"9","142","timeStampMs"
"9","143","authSetting"
"9","144","isShowNewBg"
"9","145","AudioSource"
"9","146","usereportid"
"9","147","formatArray"
"9","148","NotCrircles"
"9","149","onPostSolve"
"9","150","insertChild"
"9","151","GameCreatJS"
"9","152","fruitPrefab"
"9","153","checkLowFps"
"9","154","Level_Enter"
"9","155","basketTween"
"9","156","breakIceFun"
"9","157","SCORE_CLEAR"
"9","158","RandomAngle"
"9","159","progressFun"
"9","160","canGetTTRwd"
"9","161","checkNewDay"
"9","162","AddShareNum"
"9","163","ENUM_RESSub"
"9","164","onGameSkill"
"9","165","bg/btnClose"
"9","166","bg/titleLa0"
"9","167","bg/titleLa1"
"9","168","selfDataFun"
"9","169","getResAsync"
"9","170","btnRightFun"
"9","171","backAllLoad"
"9","172","GbzWinLayer"
"9","173","changeFruit"
"9","174","initContent"
"9","175","env_version"
"9","176","ADD_TO_CART"
"9","177","Server-Time"
"9","178","networkType"
"9","179","getLostMaps"
"9","180","CREATE_ROLE"
"9","181","NavigateBtn"
"9","182","./TxList.ts"
"9","183","./index.mjs"
"9","184","furitNodes_"
"9","185","isSampleFPS"
"9","186","maxSubSteps"
"9","187","getPropType"
"9","188","battleCheck"
"9","189","windowWidth"
"9","190","AudioEngine"
"9","191","DecryptUtil"
"9","192","decryptJson"
"9","193","isConnected"
"9","194","getDateTime"
"9","195","DataManager"
"9","196","getSkinData"
"9","197","addAdTicket"
"9","198","useAdTicket"
"9","199","关卡数据_1-200关"
"9","200","px; height:"
"9","201","appendChild"
"9","202","removeChild"
"9","203","getDuration"
"9","204","END_CONTACT"
"9","205","30分钟内只能提交一次"
"9","206","fruitTextBg"
"9","207","addViewTime"
"9","208","isReviveTip"
"9","209","loadPrefabb"
"9","210","GbzLvCommon"
"9","211","FIXED_WIDTH"
"9","212","GbzInstance"
"9","213","creatorPool"
"9","214","bg/titleLa2"
"9","215","Game Master"
"9","216","IHttpMethod"
"9","217","onShowYinsi"
"9","218","titleLayout"
"9","219","updateItems"
"9","220","GridManager"
"9","221",", traceid: "
"9","222","miniprogram"
"9","223","toPrimitive"
"9","224","PROXY_ERROR"
"9","225","toUpperCase"
"9","226","条按优先级排序的队列："
"9","227","unsubscribe"
"9","228","获取场景值和渠道号失败"
"9","229","返回上报回调数据异常："
"9","230","bestVersion"
"9","231","downloadUrl"
"9","232","openid 格式错误"
"9","233","app_version"
"9","234","maxAttempts"
"9","235","centerFirst"
"9","236","LevelConfig"
"9","237","md5_vm_test"
"9","238","randomFloat"
"9","239","showFlyGold"
"9","240","showLabelUp"
"9","241","showBoomEff"
"9","242","createImage"
"9","243","randomRange"
"9","244","is_new_user"
"9","245","LOAD_FINISH"
"9","246","LEVEL_ENTER"
"9","247","Theme_Click"
"9","248","THEME_CLICK"
"9","249","applyUpdate"
"9","250","登录请求失败，已重试 "
"9","251","网络较差，广告加载失败"
"9","252","广告展示失败,稍后重试"
"9","253","GetUserInfo"
"9","254","accessInfo="
"10","0","getComponent"
"10","1","particleType"
"10","2","lastMultiple"
"10","3","configurable"
"10","4","ad_banner_id"
"10","5","addComponent"
"10","6","scheduleOnce"
"10","7","localStorage"
"10","8","btnFirstWall"
"10","9","./GbzEnum.ts"
"10","10","game_vibrate"
"10","11","_audioSource"
"10","12","holeCompBind"
"10","13","firstLevelBg"
"10","14","jointGearMgr"
"10","15","./GameMgr.ts"
"10","16","zoomCallback"
"10","17","woodenObsMax"
"10","18","curThemeType"
"10","19","shuffleArray"
"10","20","vibrateShort"
"10","21","queueManager"
"10","22","IS_OPEN_TEST"
"10","23","columnWidths"
"10","24","./GameMsg.ts"
"10","25","gravityScale"
"10","26","hideCollider"
"10","27","boundaryLine"
"10","28","getTimestamp"
"10","29","loading_rate"
"10","30","curTeamIndex"
"10","31","fruitsLayout"
"10","32","action_param"
"10","33","onReportFail"
"10","34","todayAdCount"
"10","35","/spriteFrame"
"10","36","cgiBatchSize"
"10","37","passiveShare"
"10","38","screenHeight"
"10","39","LAYER_Advise"
"10","40","currentLevel"
"10","41","creatBoxBoom"
"10","42","rankingIndex"
"10","43","btn_gameClub"
"10","44","device_brand"
"10","45","videoHandled"
"10","46","retryRequest"
"10","47","isColliderLR"
"10","48","responseText"
"10","49","GbzRankLayer"
"10","50","GAME_PLAYBGM"
"10","51","itemADCounts"
"10","52","videobtn_get"
"10","53","isValidValue"
"10","54","maxTeamCount"
"10","55","EventHandler"
"10","56","inner_status"
"10","57","isUpdateDrow"
"10","58","_audiosQueue"
"10","59","offAllCaller"
"10","60","btnRemoveFun"
"10","61","realSaveUser"
"10","62","Content-Type"
"10","63","moveFruitAll"
"10","64","getMaxRadius"
"10","65","onItemRender"
"10","66","recycleFruit"
"10","67","selfDataNode"
"10","68","initAudioEnd"
"10","69","模拟成功，激励奖励已发放"
"10","70","interactable"
"10","71","device_model"
"10","72","inspectDelay"
"10","73","visibleSize_"
"10","74","videoSuccess"
"10","75","assetManager"
"10","76","isLRAddForce"
"10","77","stopAllByTag"
"10","78","vegetableStr"
"10","79","seaAnimalStr"
"10","80","GbzMenuLayer"
"10","81","GbzMainLayer"
"10","82","fruitcomList"
"10","83","_logoInitPos"
"10","84","_fansInitPos"
"10","85","_rankInitPos"
"10","86","RankDataComp"
"10","87","source_scene"
"10","88","initLvConfig"
"10","89","getAdSoureAd"
"10","90","./RTQueue.ts"
"10","91","_maxAudioNum"
"10","92","SkeletonData"
"10","93","rightmouseup"
"10","94","GameLanucher"
"10","95","setUndergoLv"
"10","96","GetQuatForV3"
"10","97","fallbackMode"
"10","98","CarMoveLayer"
"10","99","rankWordDate"
"10","100","loadNewLevel"
"10","101","disturbFruit"
"10","102","GbzExitLayer"
"10","103","GbzWin2Layer"
"10","104","GbzFansLayer"
"10","105","labChallenge"
"10","106","DynamicLabel"
"10","107","onCominHomew"
"10","108","namePrefixes"
"10","109","nameSuffixes"
"10","110","specialNames"
"10","111","onFriendRank"
"10","112","WxTTPlatform"
"10","113","Video_Finish"
"10","114","formatWeight"
"10","115","updateConfig"
"10","116","setTimeStamp"
"10","117","fromCharCode"
"10","118","inspectTimer"
"10","119","dealFailData"
"10","120","useAutoTrack"
"10","121","fail_handler"
"10","122","curLvMoveDir"
"10","123","parentSprite"
"10","124","virbrateMode"
"10","125","resurrection"
"10","126","eliminateAll"
"10","127","initFruitArr"
"10","128","getCurCityId"
"10","129","getLvDiffNum"
"10","130","getCurlvName"
"10","131","base64Decode"
"10","132","./Handler.ts"
"10","133","MOUSE_EVENTS"
"10","134","setFruitType"
"10","135","onEndContact"
"10","136","./ViewFPS.ts"
"10","137","moveDistance"
"10","138","setPysicsMgr"
"10","139","getUndergoLv"
"10","140","genLvMapData"
"10","141","opacityTween"
"10","142","breakAllWall"
"10","143","showFruitEff"
"10","144","checkRecycle"
"10","145","checkHighFps"
"10","146","GbzBaselayer"
"10","147","bg/propIcon0"
"10","148","bg/propIcon1"
"10","149","loadENUM_RES"
"10","150","fillMaxWidth"
"10","151","onSkillClick"
"10","152","ttcheckScene"
"10","153","getTodayDate"
"10","154","dyConversion"
"10","155","TOUCH_CANCEL"
"10","156","createFruits"
"10","157","GridListView"
"10","158","screen_width"
"10","159","actionIdList"
"10","160","Sign-Version"
"10","161","content-type"
"10","162","statusCode: "
"10","163","上报失败，请先完成初始化"
"10","164","createAction"
"10","165","minigame/get"
"10","166","JointGearMgr"
"10","167","getLegalPos2"
"10","168","getLegalPos3"
"10","169","undergoLvnew"
"10","170","ReportHelper"
"10","171","./LabelUp.ts"
"10","172","outlineColor"
"10","173","outlineWidth"
"10","174","pkShareImage"
"10","175","requestLogin"
"10","176","loginSuccess"
"10","177","windowHeight"
"10","178","__audioMgr__"
"10","179","taomumao2025"
"10","180","CloudManager"
"10","181","callFunction"
"10","182","removeBundle"
"10","183","intervalDays"
"10","184","specialCount"
"10","185","<h2>关卡数据导出 ("
"10","186","isMouseEvent"
"10","187","activeCircle"
"10","188","showCollider"
"10","189","text-changed"
"10","190","viewMaxTime_"
"10","191","CC2_SCREWBOX"
"10","192","json_encrypt"
"10","193","prefab/Home/"
"10","194","sprite/Home/"
"10","195","prefab/Game/"
"10","196","sprite/Game/"
"10","197","onGameRevive"
"10","198","bg/propInfo0"
"10","199","bg/propInfo1"
"10","200","getFrameSize"
"10","201","FIXED_HEIGHT"
"10","202","=======视频转分享"
"10","203","checkSession"
"10","204","GbzUIManager"
"10","205","backGameLoad"
"10","206","backHomeLoad"
"10","207","scrollToLeft"
"10","208","serviceShare"
"10","209","ad_native_id"
"10","210"," , message: "
"10","211","JS_RUN_ERROR"
"10","212","JS_QUEUE_LOG"
"10","213","VIEW_CONTENT"
"10","214","onCreateRole"
"10","215","action_types"
"10","216","createCanvas"
"10","217","不支持非微信小游戏中使用"
"10","218","unionid 格式错误"
"10","219","custom_param"
"10","220","network_type"
"10","221","hex_hmac_md5"
"10","222","b64_hmac_md5"
"10","223","str_hmac_md5"
"10","224","GetRandColor"
"10","225","RandAreaData"
"10","226","ReferenceMgr"
"10","227","ad_getreward"
"10","228","reportLvTime"
"10","229","getRandomArr"
"10","230","updateAvatar"
"10","231","./PiaoEff.ts"
"10","232","./logoCom.ts"
"10","233","./expJson.ts"
"10","234","./TestMgr.ts"
"10","235","unlockSingle"
"10","236","当前基础库版本暂不支持。"
"10","237","previewImage"
"11","0","num100reduce2"
"11","1","lastTypeScale"
"11","2","num100reduce1"
"11","3","inheritsLoose"
"11","4","./DebugLog.ts"
"11","5","btnSecondWall"
"11","6","lv2_3_5Config"
"11","7","MoveDirection"
"11","8","fruitCollider"
"11","9","squeezeCircle"
"11","10","halfGameWidth"
"11","11","linearDamping"
"11","12","startViewTime"
"11","13","fruitTotalNum"
"11","14","woodenObsBase"
"11","15","num100Base1_2"
"11","16","num100Base3_2"
"11","17","fallStartPos_"
"11","18","setItemActive"
"11","19","oneTypeEndNum"
"11","20","dirtectionTip"
"11","21","_GbzMainLayer"
"11","22","btn_fruitBook"
"11","23","position_back"
"11","24","./WxIAAMgr.ts"
"11","25","./GlobalXZ.ts"
"11","26","adTicketCount"
"11","27","feedback_type"
"11","28","obstaclesRoot"
"11","29","playChuiziEff"
"11","30","onceEventName"
"11","31","ad_custom_row"
"11","32","ad_custom_col"
"11","33","lightningNode"
"11","34","navigateAppid"
"11","35","initParameter"
"11","36","CreateFruitEd"
"11","37","closeViewTime"
"11","38","configManager"
"11","39","gameStartTime"
"11","40","setfruitScale"
"11","41","connectedBody"
"11","42","firstLevelIDS"
"11","43","LAYER_SETTING"
"11","44","restoreSprite"
"11","45","isWxIAAReport"
"11","46","videoFailOnce"
"11","47","holeFruitTyes"
"11","48","lastComboTime"
"11","49","loginFeedback"
"11","50","checkSlotLose"
"11","51","_gbzMainLayer"
"11","52","_shareInitPos"
"11","53","getRandomHead"
"11","54","initCustomRow"
"11","55","initCustomCol"
"11","56","encryptedData"
"11","57","lastDirection"
"11","58","isAllReloaded"
"11","59","checkCallback"
"11","60","reportLostNum"
"11","61","core_hmac_md5"
"11","62","uploadPkScore"
"11","63","storeFeedData"
"11","64","disappearTime"
"11","65","dayAdNumDatas"
"11","66","holeFruitRule"
"11","67","comboInterval"
"11","68","./HoleComp.ts"
"11","69","jointGraphics"
"11","70","btnDisturbFun"
"11","71","isVideo2Share"
"11","72","setStatsColor"
"11","73","openTTRequest"
"11","74","openFruitBook"
"11","75","openWXService"
"11","76","openRankLayer"
"11","77","setMainBtnPos"
"11","78","btnFriendShow"
"11","79","uiVibrateOpen"
"11","80","showRecommend"
"11","81","checkShortcut"
"11","82","Ad_Impression"
"11","83","showCustomRow"
"11","84","showCustomCol"
"11","85","LAYER_REQUEST"
"11","86","getNumFromStr"
"11","87","platformAgree"
"11","88","getSystemInfo"
"11","89","getActionList"
"11","90","removeActions"
"11","91","loadRecommend"
"11","92","adTicketMaxLv"
"11","93","./SelfPool.ts"
"11","94","bytesToString"
"11","95","IsPointInRect"
"11","96","addTouchFruit"
"11","97","checkDropWall"
"11","98","electricShock"
"11","99","GbzAviseLayer"
"11","100","onTextChanged"
"11","101","FruitBookComp"
"11","102","lightMaterial"
"11","103","changeThemeBG"
"11","104","TutorialStart"
"11","105","showlightning"
"11","106","getMatchFruit"
"11","107","joinRoomError"
"11","108","resetGameData"
"11","109","ENUM_UIReload"
"11","110","reportEnterLv"
"11","111","fruitBookShow"
"11","112","HomePage_View"
"11","113","getPlayerRank"
"11","114","friendRankFun"
"11","115","GbzThemeLayer"
"11","116","GbzTTcblLayer"
"11","117","screen_height"
"11","118","enter_options"
"11","119","TAP_GAME_CLUB"
"11","120","MidasGameItem"
"11","121","getInitResult"
"11","122","canCreateLine"
"11","123","initUndergoLv"
"11","124","loadFromCache"
"11","125","./GbzUtils.ts"
"11","126","./RandTool.ts"
"11","127","setSpriteGray"
"11","128","enableOutline"
"11","129","VideoShareCom"
"11","130","checkMyGamaIn"
"11","131","scheduleRetry"
"11","132","httpWithRetry"
"11","133","GetIsNewTheme"
"11","134","showShareMenu"
"11","135","CCPoolManager"
"11","136","edgeThreshold"
"11","137","bundleLoadRes"
"11","138","bundelRelease"
"11","139","CheckIsInRect"
"11","140","getTimeString"
"11","141","</head><body>"
"11","142","createElement"
"11","143","setComboSound"
"11","144","Contact2DType"
"11","145","BEGIN_CONTACT"
"11","146","dragFruitNode"
"11","147","BoxCollider2D"
"11","148","repeatForever"
"11","149","transformQuat"
"11","150","gameLoopStart"
"11","151","canReviveTime"
"11","152","PROFILER-NODE"
"11","153","Extreme Gamer"
"11","154","GbzResManager"
"11","155","GbzSdkManager"
"11","156","verticalAlign"
"11","157","VerticalAlign"
"11","158","RESIZE_HEIGHT"
"11","159","style/fruitBg"
"11","160","ad_video_id: "
"11","161","REMOTE_CONFIG"
"11","162","REQUEST_ERROR"
"11","163","缓存队列已满，主动丢弃行为"
"11","164","callback 不是函数"
"11","165","QUEUE_ACTIONS"
"11","166","[Param Error]"
"11","167","blackVersions"
"11","168","polygonCircle"
"11","169","addDeathScore"
"11","170","死亡奖励分数加1，当前分数"
"11","171","广告奖励分数加1，当前分数"
"11","172","getDebugScore"
"11","173","./GbzIndex.ts"
"11","174","./autoGame.ts"
"11","175","./BgCtrCom.ts"
"11","176","./CloudMgr.ts"
"11","177","./gridInfo.ts"
"11","178","./FruitMgr.ts"
"11","179","✨IAA_SDK初始化成功"
"11","180","✨登录成功，openid："
"11","181","HOMEPAGE_VIEW"
"11","182","AD_IMPRESSION"
"11","183","maxLoginRetry"
"11","184","onUpdateReady"
"11","185","PK_Invitation"
"12","0","getChildByName"
"12","1","fakeGame_level"
"12","2","fruitRigidbody"
"12","3","calculatedInfo"
"12","4","stopFruitDownY"
"12","5","_dayAdNumDatas"
"12","6","challengeCount"
"12","7","halfGameHeight"
"12","8","lastTouchFruit"
"12","9","requestTimeout"
"12","10","dayShareNowNum"
"12","11","RandIncludeAll"
"12","12","enter_level_id"
"12","13","cityUnlockData"
"12","14","黑洞数量(动态数据仅供参考)"
"12","15","defineProperty"
"12","16","ticketInterval"
"12","17","lostActionMaps"
"12","18","user_unique_id"
"12","19","GameClubButton"
"12","20","groupPlayCount"
"12","21","linearVelocity"
"12","22","position_front"
"12","23","getVisibleSize"
"12","24","collectTexture"
"12","25","wx_lib_version"
"12","26","activeDuration"
"12","27","_eventListener"
"12","28","AdPlatformBase"
"12","29","newAudioSource"
"12","30","targetMaterial"
"12","31","multiplyScalar"
"12","32","FruitDownLayer"
"12","33","getedFruitList"
"12","34","losePanelTween"
"12","35","delegateUpdate"
"12","36","lastContentPos"
"12","37","launch_options"
"12","38","on_report_fail"
"12","39","regressionTime"
"12","40","audioEngineMap"
"12","41","btn_FruitClick"
"12","42","isSpecialProp_"
"12","43","reportGameLose"
"12","44","setContentSize"
"12","45","hasOwnProperty"
"12","46","getRandomLevel"
"12","47","spriteSetToken"
"12","48","updateProgress"
"12","49","isGameReloaded"
"12","50","isHomeReloaded"
"12","51","createBannerAd"
"12","52","setPrototypeOf"
"12","53","pkg_channel_id"
"12","54","actionReporter"
"12","55","startCounterDt"
"12","56","onEffectFinish"
"12","57","lastUploadData"
"12","58","rightmousedown"
"12","59","onMoveFruitAll"
"12","60","angularDamping"
"12","61","addInSlotFruit"
"12","62","lastSubmitTime"
"12","63","./FruitComp.ts"
"12","64","repairSkinData"
"12","65","GbzGetRewLayer"
"12","66","FruitBookLayer"
"12","67","sameIDHitSound"
"12","68","rangkingConfig"
"12","69","get_level_data"
"12","70","onClickButtons"
"12","71","updataDataList"
"12","72","scrollToOffset"
"12","73","getPrototypeOf"
"12","74","maxSdkInstance"
"12","75","maxQueueLength"
"12","76","updateAllStack"
"12","77","caculateWeight"
"12","78","compareVersion"
"12","79","canCreateLines"
"12","80","RandIncludeMin"
"12","81","stopLoginRetry"
"12","82","getCurCityName"
"12","83","game_level_max"
"12","84","getMoveDirText"
"12","85","formatCountArr"
"12","86","playComboSound"
"12","87","hitSoundDistSq"
"12","88","onBeginContact"
"12","89","./localData.ts"
"12","90","./PkManager.ts"
"12","91","./ChuiziCom.ts"
"12","92","normalMaterial"
"12","93","mapCreateJoint"
"12","94","getMinDistance"
"12","95","canMatchInSlot"
"12","96","getBottomFruit"
"12","97","customMaterial"
"12","98","set_level_data"
"12","99","setSpriteFrame"
"12","100","changeToCircle"
"12","101","./TickCntlr.ts"
"12","102","reportGamePass"
"12","103","RankList_Enter"
"12","104","lastUpdateDate"
"12","105","MAX_DYWX_RETRY"
"12","106","wxGetUserLabel"
"12","107","scrollToBottom"
"12","108","JOIN_GAME_ROOM"
"12","109","getAngleForPos"
"12","110","./LvConfig1.ts"
"12","111","./LvConfig3.ts"
"12","112","./CusReport.ts"
"12","113","ScrollListItem"
"12","114","GameClub_Enter"
"12","115","getAppBaseInfo"
"12","116","rebuildVideoAd"
"12","117","createCustomAd"
"12","118","getEnvInfoSync"
"12","119","CalculatedInfo"
"12","120","</body></html>"
"12","121","editing-return"
"12","122","debugDrawFlags"
"12","123","GbzDataManager"
"12","124","GbzFadeManager"
"12","125","lastPaintIndex"
"12","126","GbzGameManager"
"12","127","challengeReady"
"12","128","main/btn_start"
"12","129","GbzPoolManager"
"12","130","Hell Messenger"
"12","131","getSpriteFrame"
"12","132","del_level_data"
"12","133","style/aniPanel"
"12","134","stopAutoScroll"
"12","135","initWaitLoagin"
"12","136","createNativeAd"
"12","137","load ad error:"
"12","138",", statusCode: "
"12","139","QUEUE_LOST_MAP"
"12","140","QUEUE_LOST_NUM"
"12","141","getStorageSync"
"12","142","setStorageSync"
"12","143","benchmarkLevel"
"12","144","getNetworkType"
"12","145","[object Array]"
"12","146","COMPLETE_ORDER"
"12","147","queue_lost_num"
"12","148","网络请求最大并发量不能小于1"
"12","149","获取托管策略的入参解析异常："
"12","150","weixin_version"
"12","151","Intersection2D"
"12","152","LayoutRectSafe"
"12","153","perimeterFirst"
"12","154","LvConfig1_easy"
"12","155","RandIncludeMax"
"12","156","RandResultData"
"12","157","getRandomArray"
"12","158","./JumpLvBtn.ts"
"12","159","./LayoutIMy.ts"
"12","160","./LvConfig2.ts"
"12","161","./IceFollow.ts"
"12","162","./DragFruit.ts"
"12","163","TUTORIAL_START"
"12","164","✨IAA_SDK  中途退出"
"12","165","✨IAA_SDK  关卡失败"
"12","166","✨IAA_SDK  关卡胜利"
"12","167","RANKLIST_ENTER"
"12","168","GAMECLUB_ENTER"
"12","169","激励视频点位在界面中渲染完毕"
"12","170","game_addiction"
"12","171","scope.userInfo"
"13","0","isServerArchive"
"13","1","stopAllByTarget"
"13","2","holeItemTypeArr"
"13","3","fruitRemnantNum"
"13","4","woodenObsEasylv"
"13","5","oneTypeStartNum"
"13","6","curCollectCount"
"13","7","calculatedInfo_"
"13","8","userActionSetId"
"13","9","mergeStorageKey"
"13","10","updateAlignment"
"13","11","LAYER_LOSE_FULL"
"13","12","GbzGetItemLayer"
"13","13","angularVelocity"
"13","14","ENUM_GAME_STATE"
"13","15","setCollisionMgr"
"13","16","loginRetryCount"
"13","17","AddDayAdShowNum"
"13","18","./CityConfig.ts"
"13","19","refreshSkillBtn"
"13","20","reportThreshold"
"13","21","updateToStorage"
"13","22","navigateAppName"
"13","23","navigateAppPath"
"13","24","updateFruitText"
"13","25","ADD_TO_WISHLIST"
"13","26","shareAppMessage"
"13","27","EventDispatcher"
"13","28","isShowedlandEff"
"13","29","showGameMoveAni"
"13","30","fruitColorTween"
"13","31","btn_addShortcut"
"13","32","_serviceInitPos"
"13","33","_settingInitPos"
"13","34","setItemPosition"
"13","35","localStorageKey"
"13","36","_isPositionSafe"
"13","37","getOriginalSize"
"13","38","_createListener"
"13","39","onCreateFruitEd"
"13","40","removeComponent"
"13","41","onEliminatePair"
"13","42","onButtonTouched"
"13","43","policeLineFruit"
"13","44","Tutorial_Finish"
"13","45","GbzCarMoveLayer"
"13","46","GbzSettingLayer"
"13","47","initRankingData"
"13","48","vibrateLastTime"
"13","49","navigateToScene"
"13","50","horizontalAlign"
"13","51","HorizontalAlign"
"13","52","statusBarHeight"
"13","53","isPlatformAgree"
"13","54","getExptInfoSync"
"13","55","showMessageCard"
"13","56","resetVideoState"
"13","57","getNextCityName"
"13","58","AutoLightEffect"
"13","59","./CCNodePool.ts"
"13","60","headerRowHeight"
"13","61","formatCountArr2"
"13","62","./StreakComp.ts"
"13","63","DistanceJoint2D"
"13","64","./ScoreLvMgr.ts"
"13","65","PhysicsSystem2D"
"13","66","breakSingleWall"
"13","67","bottomFruitAnim"
"13","68","SCORE_ELIMINATE"
"13","69","onGetWxMyGameIn"
"13","70","onCreateFuitAll"
"13","71","bg/videobtn_get"
"13","72","GbzLoadingLayer"
"13","73","editorBoxChange"
"13","74","_mainBtnInitPos"
"13","75","updateNPCLevels"
"13","76","fillMissingData"
"13","77","./HwPlatform.ts"
"13","78","vibrateCooldown"
"13","79","new platformApi"
"13","80","setNavigateData"
"13","81","行为携带的金额参数需要为数字！"
"13","82","行为携带的金额参数需要大于0！"
"13","83","benchmark_level"
"13","84","[object Object]"
"13","85","TUTORIAL_FINISH"
"13","86","onShareTimeline"
"13","87","customStringify"
"13","88","dealSuccessData"
"13","89","setUserUniqueId"
"13","90","quadraticBezier"
"13","91","getCityIdByName"
"13","92","getCurFruitName"
"13","93","cameraMoveSpeed"
"13","94","createObjectURL"
"13","95","revokeObjectURL"
"13","96","GbzAudioManager"
"13","97","recoverViewTime"
"13","98","Stage Conqueror"
"13","99","Invincible Hero"
"13","100","GbzToastManager"
"13","101","getScrollOffset"
"13","102","yinliyinqingCom"
"13","103","通过SDK上报的openid："
"13","104","网络请求最大并发量不能大于10"
"13","105","网络请求最大并发量需设置为数字"
"13","106","onAddToWishlist"
"13","107","（如果确认无误，请忽略该提示）"
"13","108","app_env_version"
"13","109","RandPlusOrMinus"
"13","110","ReferenceLayMgr"
"13","111","ReferenceLvInfo"
"13","112","./JDPlatform.ts"
"13","113","./CocosUtils.ts"
"13","114","./VibrateCom.ts"
"13","115","wrapNativeSuper"
"13","116","AD_VIDEO_FINISH"
"13","117","tutorial_result"
"13","118","wx.login failed"
"13","119","expt_1779248773"
"13","120","getGameExptInfo"
"14","0","cityFruitNameArr"
"14","1","fruitsInSlotComp"
"14","2","./GbzInstance.ts"
"14","3","asyncToGenerator"
"14","4","woodenObsEasyLv2"
"14","5","removeFromParent"
"14","6","curHoleFruitTyes"
"14","7","feedback_content"
"14","8","onReportComplete"
"14","9","./FruitConfig.ts"
"14","10","GetdayAdNumDatas"
"14","11","AddDayAdClickNum"
"14","12","ruleDescriptions"
"14","13","createFruitNodes"
"14","14","LAYER_ShowGetRew"
"14","15","loadPrefabbAsync"
"14","16","getTrackBaseInfo"
"14","17","setRequestHeader"
"14","18","application/json"
"14","19","ERigidBody2DType"
"14","20","ENTER_FOREGROUND"
"14","21","hasPopupSlotItem"
"14","22","ParticleSystem2D"
"14","23","navigateMiniOpen"
"14","24","./LevelConfig.ts"
"14","25","_gameClubInitPos"
"14","26","platformNotAgree"
"14","27","setItemPositionX"
"14","28","setItemPositionY"
"14","29","ENTER_BACKGROUND"
"14","30","ad_custom_row_id"
"14","31","ad_custom_col_id"
"14","32","computWxPosition"
"14","33","GetDayAdNumDatas"
"14","34","_recoverHandlers"
"14","35","CircleCollider2D"
"14","36","materialAttacked"
"14","37","GbzLoseFullLayer"
"14","38","dyWxGetUserLabel"
"14","39","@dn-sdk/minigame"
"14","40","updateLostAction"
"14","41","enter_game_scene"
"14","42","checkReprotState"
"14","43","processLevelData"
"14","44","formatGHoleArray"
"14","45","./AudioEngine.ts"
"14","46","firsrLevelRound2"
"14","47","resetForNewLevel"
"14","48","resetViewTimeNum"
"14","49","recycleDownFruit"
"14","50","canPopupSlotItem"
"14","51","findSafePosition"
"14","52","PkPropNumRefresh"
"14","53","reportEnter_game"
"14","54","requireComponent"
"14","55","onAddToFavorites"
"14","56","CREATE_GAME_CLUB"
"14","57","CREATE_GAME_ROOM"
"14","58","0123456789abcdef"
"14","59","onTutorialFinish"
"14","60","CalculateCorners"
"14","61","./GridManager.ts"
"14","62","videoSuccessOnce"
"14","63"," not have  name "
"14","64","loadResTexture2D"
"14","65","loadResoucesJson"
"14","66","</tbody></table>"
"14","67","openPhysicsDebug"
"14","68","adjustQRCodeSize"
"14","69","ResolutionPolicy"
"14","70","style/lose_panel"
"14","71","Ultimate Warrior"
"14","72","resetRankingData"
"14","73","style/getBgshade"
"14","74","[object Promise]"
"14","75","[safeExcutable] "
"14","76","sign error msg: "
"14","77","缺少 secret_key 参数"
"14","78","createRewardedAd"
"14","79","radiansToDegrees"
"14","80","fallbackStrategy"
"14","81","0123456789ABCDEF"
"14","82","GetLotteryResult"
"14","83","devicePixelRatio"
"14","84","strTipLabUseItem"
"14","85","./DataManager.ts"
"14","86","./DecryptUtil.ts"
"14","87","./NavigateBtn.ts"
"14","88","./GameCreatJS.ts"
"14","89","./GbzWinLayer.ts"
"14","90","reflectionVector"
"14","91","getUpdateManager"
"14","92","onCheckForUpdate"
"14","93","reportSceneAgain"
"14","94","isAuhorizeFriend"
"15","0","cityFruitNameArrf"
"15","1","ruitsInSlotComp./"
"15","2","GbzInstance.tsasy"
"15","3","ncToGeneratorwood"
"15","4","enObsEasyLv2remov"
"15","5","eFromParentcurHol"
"15","6","eFruitTyesfeedbac"
"15","7","k_contentonReport"
"15","8","Complete./FruitCo"
"15","9","nfig.tsGetdayAdNu"
"15","10","mDatasAddDayAdCli"
"15","11","ckNumruleDescript"
"15","12","ionscreateFruitNo"
"15","13","desLAYER_ShowGetR"
"15","14","ewloadPrefabbAsyn"
"15","15","cgetTrackBaseInfo"
"15","16","setRequestHeadera"
"15","17","pplication/jsonER"
"15","18","igidBody2DTypeENT"
"15","19","ER_FOREGROUNDhasP"
"15","20","opupSlotItemParti"
"15","21","cleSystem2Dnaviga"
"15","22","teMiniOpen./Level"
"15","23","Config.ts_gameClu"
"15","24","bInitPosplatformN"
"15","25","otAgreesetItemPos"
"15","26","itionXsetItemPosi"
"15","27","tionYENTER_BACKGR"
"15","28","OUNDad_custom_row"
"15","29","_idad_custom_col_"
"15","30","idcomputWxPositio"
"15","31","nGetDayAdNumDatas"
"15","32","_recoverHandlersC"
"15","33","ircleCollider2Dma"
"15","34","terialAttackedGbz"
"15","35","LoseFullLayerdyWx"
"15","36","GetUserLabel@dn-s"
"15","37","dk/minigameupdate"
"15","38","LostActionenter_g"
"15","39","ame_scenecheckRep"
"15","40","rotStateprocessLe"
"15","41","velDataformatGHol"
"15","42","eArray./AudioEngi"
"15","43","ne.tsfirsrLevelRo"
"15","44","und2resetForNewLe"
"15","45","velresetViewTimeN"
"15","46","umrecycleDownFrui"
"15","47","tcanPopupSlotItem"
"15","48","findSafePositionP"
"15","49","kPropNumRefreshre"
"15","50","portEnter_gamereq"
"15","51","uireComponentonAd"
"15","52","dToFavoritesCREAT"
"15","53","E_GAME_CLUBCREATE"
"15","54","_GAME_ROOM0123456"
"15","55","789abcdefonTutori"
"15","56","alFinishCalculate"
"15","57","Corners./GridMana"
"15","58","ger.tsvideoSucces"
"15","59","sOnce not have  n"
"15","60","ame loadResTextur"
"15","61","e2DloadResoucesJs"
"15","62","on</tbody></table"
"15","63",">openPhysicsDebug"
"15","64","adjustQRCodeSizeR"
"15","65","esolutionPolicyst"
"15","66","yle/lose_panelUlt"
"15","67","imate Warriorrese"
"15","68","tRankingDatastyle"
"15","69","/getBgshade[objec"
"15","70","t Promise][safeEx"
"15","71","cutable] sign err"
"15","72","or msg: 缺少 secret"
"15","73","_key 参数createRewa"
"15","74","rdedAdradiansToDe"
"15","75","greesfallbackStra"
"15","76","tegy0123456789ABC"
"15","77","DEFGetLotteryResu"
"15","78","ltdevicePixelRati"
"15","79","ostrTipLabUseItem"
"15","80","./DataManager.ts."
"15","81","/DecryptUtil.ts./"
"15","82","NavigateBtn.ts./G"
"15","83","ameCreatJS.ts./Gb"
"15","84","zWinLayer.tsrefle"
"15","85","ctionVectorgetUpd"
"15","86","ateManageronCheck"
"15","87","ForUpdatereportSc"
"15","88","eneAgainisAuhoriz"
"15","89","eFriend"
"16","0","cityFruitNameArrfr"
"16","1","uitsInSlotComp./Gb"
"16","2","zInstance.tsasyncT"
"16","3","oGeneratorwoodenOb"
"16","4","sEasyLv2removeFrom"
"16","5","ParentcurHoleFruit"
"16","6","Tyesfeedback_conte"
"16","7","ntonReportComplete"
"16","8","./FruitConfig.tsGe"
"16","9","tdayAdNumDatasAddD"
"16","10","ayAdClickNumruleDe"
"16","11","scriptionscreateFr"
"16","12","uitNodesLAYER_Show"
"16","13","GetRewloadPrefabbA"
"16","14","syncgetTrackBaseIn"
"16","15","fosetRequestHeader"
"16","16","application/jsonER"
"16","17","igidBody2DTypeENTE"
"16","18","R_FOREGROUNDhasPop"
"16","19","upSlotItemParticle"
"16","20","System2DnavigateMi"
"16","21","niOpen./LevelConfi"
"16","22","g.ts_gameClubInitP"
"16","23","osplatformNotAgree"
"16","24","setItemPositionXse"
"16","25","tItemPositionYENTE"
"16","26","R_BACKGROUNDad_cus"
"16","27","tom_row_idad_custo"
"16","28","m_col_idcomputWxPo"
"16","29","sitionGetDayAdNumD"
"16","30","atas_recoverHandle"
"16","31","rsCircleCollider2D"
"16","32","materialAttackedGb"
"16","33","zLoseFullLayerdyWx"
"16","34","GetUserLabel@dn-sd"
"16","35","k/minigameupdateLo"
"16","36","stActionenter_game"
"16","37","_scenecheckReprotS"
"16","38","tateprocessLevelDa"
"16","39","taformatGHoleArray"
"16","40","./AudioEngine.tsfi"
"16","41","rsrLevelRound2rese"
"16","42","tForNewLevelresetV"
"16","43","iewTimeNumrecycleD"
"16","44","ownFruitcanPopupSl"
"16","45","otItemfindSafePosi"
"16","46","tionPkPropNumRefre"
"16","47","shreportEnter_game"
"16","48","requireComponenton"
"16","49","AddToFavoritesCREA"
"16","50","TE_GAME_CLUBCREATE"
"16","51","_GAME_ROOM01234567"
"16","52","89abcdefonTutorial"
"16","53","FinishCalculateCor"
"16","54","ners./GridManager."
"16","55","tsvideoSuccessOnce"
"16","56"," not have  name lo"
"16","57","adResTexture2Dload"
"16","58","ResoucesJson</tbod"
"16","59","y></table>openPhys"
"16","60","icsDebugadjustQRCo"
"16","61","deSizeResolutionPo"
"16","62","licystyle/lose_pan"
"16","63","elUltimate Warrior"
"16","64","resetRankingDatast"
"16","65","yle/getBgshade[obj"
"16","66","ect Promise][safeE"
"16","67","xcutable] sign err"
"16","68","or msg: 缺少 secret_"
"16","69","key 参数createReward"
"16","70","edAdradiansToDegre"
"16","71","esfallbackStrategy"
"16","72","0123456789ABCDEFGe"
"16","73","tLotteryResultdevi"
"16","74","cePixelRatiostrTip"
"16","75","LabUseItem./DataMa"
"16","76","nager.ts./DecryptU"
"16","77","til.ts./NavigateBt"
"16","78","n.ts./GameCreatJS."
"16","79","ts./GbzWinLayer.ts"
"16","80","reflectionVectorge"
"16","81","tUpdateManageronCh"
"16","82","eckForUpdatereport"
"16","83","SceneAgainisAuhori"
"16","84","zeFriend"
"17","0","./GbzDataManager.ts"
"17","1","./GbzPoolManager.ts"
"17","2","setSpriteFrameAsync"
"17","3","currentRequestCount"
"17","4","uploadLocalToServer"
"17","5","changelinearDamping"
"17","6","isColliderSlotFruit"
"17","7","./ScrollListItem.ts"
"17","8","./CalculatedInfo.ts"
"17","9","lStartLoadAllBackUI"
"17","10","BYTEDANCE_MINI_GAME"
"17","11","_skillClickHandlers"
"17","12","_gift_value_success"
"17","13","./AdPlatformBase.ts"
"17","14","initContactCallBack"
"17","15","SetSpriteSizeHeight"
"17","16","GbzPropSpecialLayer"
"17","17","setResolutionPolicy"
"17","18","updateForReportFail"
"17","19","addActionInnerParam"
"17","20","modifyPhysicSetting"
"17","21","setUserCloudStorage"
"17","22","./LayoutRectSafe.ts"
"17","23","markSlotItemPopuped"
"17","24","battleGetUsetInfoEd"
"17","25","buttons/btn_vibrate"
"17","26","validateActionParam"
"17","27","./LvConfig1_easy.ts"
"17","28","convertToWorldSpace"
"17","29","getEnterOptionsSync"
"17","30","WxFriendInteraction"
"17","31","BaseEventDispatcher"
"17","32","loadResSkeletonData"
"17","33","getDevicePixelRatio"
"17","34","3. 问号水果采用纯随机方式抽取生成。"
"17","35","EPhysics2DDrawFlags"
"17","36","StartLoadGameBackUI"
"17","37","StartLoadHomeBackUI"
"17","38","buttons2/btn_submit"
"17","39","buttons/btn_zhuxiao"
"17","40","可能有误，请检查openid是否正确！"
"17","41","getOwnPropertyNames"
"17","42","requestMidasPayment"
"17","43","executeSend catch: "
"17","44","initializedInstance"
"17","45","缺少 openid 或 unionid"
"17","46","user_unique_id 格式错误"
"17","47","revised_action_time"
"17","48","./GbzFadeManager.ts"
"17","49","./GbzGameManager.ts"
"17","50","./GbzGetRewLayer.ts"
"17","51"," 天，触发 JS onReActive"
"18","0","./GbzAudioManager.ts"
"18","1","onGetTTRequestcutRwd"
"18","2","getLaunchOptionsSync"
"18","3","convertToNodeSpaceAR"
"18","4","./GbzToastManager.ts"
"18","5","createGameClubButton"
"18","6","callItemScriteUpdate"
"18","7","recommendPageManager"
"18","8","./ReferenceLayMgr.ts"
"18","9","getReportableActions"
"18","10","isConnectFruitsExist"
"18","11","熬夜消水果，过不了第二关，谁来帮帮我呀？"
"18","12","./EventDispatcher.ts"
"18","13","lastReportedProgress"
"18","14","requestFeedSubscribe"
"18","15","ttb19ec7232ea85b8702"
"18","16","createInterstitialAd"
"18","17","actionParamMaxLength"
"18","18","default_download_url"
"18","19","_getFallbackPosition"
"18","20","getCurCitySimpleName"
"18","21","getCityTotalProgress"
"18","22","resetSlotItemPopuped"
"18","23","lStartLoadGameBackUI"
"18","24","lStartLoadHomeBackUI"
"18","25","getNoClaimActionList"
"18","26","mini_game_sdk_common"
"18","27","queue_lost_timestamp"
"18","28","convetOtherNodeSpace"
"18","29","setRotationFromEuler"
"18","30","getCurMooncakeIdByLv"
"18","31","</tr></thead><tbody>"
"18","32","getServerNavigateCfg"
"18","33","REMOTE_COMMON_CONFIG"
"18","34","REQUEST_CONFIG_ERROR"
"18","35","getGameServerManager"
"18","36","appid 参数需为 string 类型"
"18","37","JointRestorePosition"
"18","38","./GbzCarMoveLayer.ts"
"18","39","./GbzGetItemLayer.ts"
"18","40","./GbzLoadingLayer.ts"
"18","41","./GbzSettingLayer.ts"
"19","0","assertThisInitialized"
"19","1","convertToWorldSpaceAR"
"19","2","special_method_symbol"
"19","3","getBoundingBoxToWorld"
"19","4","onChangeLinearDamping"
"19","5","createRewardedVideoAd"
"19","6","setRequestConcurrency"
"19","7","onNetworkStatusChange"
"19","8","setEnabledAccumulator"
"19","9","getRealTimeActionList"
"19","10","queue_lost_session_id"
"19","11","isPointInVec2InMatrix"
"19","12","check scene success: "
"19","13"," error with arguments"
"19","14","获取托管策略的入参需为 object 类型"
"19","15","navigateToMiniProgram"
"19","16","RandPlusOrMinusAsBool"
"19","17","ScoreLvMgr_LevelCache"
"19","18","getRandomIntInclusive"
"19","19","./GbzLoseFullLayer.ts"
"20","0","assertThisInitializedc"
"20","1","onvertToWorldSpaceARsp"
"20","2","ecial_method_symbolget"
"20","3","BoundingBoxToWorldonCh"
"20","4","angeLinearDampingcreat"
"20","5","eRewardedVideoAdsetReq"
"20","6","uestConcurrencyonNetwo"
"20","7","rkStatusChangesetEnabl"
"20","8","edAccumulatorgetRealTi"
"20","9","meActionListqueue_lost"
"20","10","_session_idisPointInVe"
"20","11","c2InMatrixcheck scene "
"20","12","success:  error with a"
"20","13","rguments获取托管策略的入参需为 ob"
"20","14","ject 类型navigateToMiniP"
"20","15","rogramRandPlusOrMinusA"
"20","16","sBoolScoreLvMgr_LevelC"
"20","17","achegetRandomIntInclus"
"20","18","ive./GbzLoseFullLayer."
"20","19","ts"
"21","0","contrastServerLevelDate"
"21","1","setLeftAndRightBoxWidth"
"21","2","overrideLocalWithServer"
"21","3","./GbzTTAddtableLayer.ts"
"21","4","getComponentsInChildren"
"21","5","19c5aMSuXpBz4uvDRWR5oHr"
"21","6","acf520OJytAxa5ekqX+w531"
"21","7","61e85oyla1M+rWVc0ob1xLa"
"21","8","941204WFQNPVI53n5mYMzOj"
"21","9","36265G80BJCQ53Psks9UD9D"
"21","10","6ad69nt3wRDApprbpdjggrp"
"21","11","46d77BVM9JKFLZIdDrTwrJG"
"21","12","514ee+7mfpPzaXWM1+0QdHi"
"21","13","be5fe4D6NxK1YLtRIN7eVWt"
"21","14","4f368eEohxLP56G4KmXeyHu"
"21","15","0c495w+CwdIiJ2rChkM4w5B"
"21","16","756beZ6z0hF55pJdo4Z0B36"
"21","17","846692SKIxGB4ExEMuPKi3+"
"21","18","35bd5+7fYhOja80EYdgkeuB"
"21","19","59aadvBsNVHLZzOZru52DGq"
"21","20","0ff578h29lFgpVQKY68qLZB"
"21","21","b8f34r1lmZKb6/WSof5ViNL"
"21","22","cbc3fiRx/hLopAEtKEDVsDT"
"21","23","296acgPi1pN2LoxOc6r4JVg"
"21","24","065e87xdWdGAL53glDflLx+"
"21","25","6bc54al2YpPu7IDmmJOWzxV"
"21","26","text/html;charset=utf-8"
"21","27","14a36Ji0zNFoqxXDy36Rvip"
"21","28","2268bBt3ndCXqORnn1ceeMQ"
"21","29","FruitPositionCalculator"
"21","30","c9328VJBTZKDKNXQfsrk2ST"
"21","31","a15438Vd/5MzJSqFKAj6ViC"
"21","32","d0cbfZE7HhEdYOVgy/v3E6s"
"21","33","fefd0XKWvBC7bioUQPoOoSe"
"21","34","5a1307lnl5GiY1U+r4sHG9t"
"21","35","dbb58wIh1lA1LX7NIY8fsHK"
"21","36","28ebf3XjF1IfIgnSzzCjMhD"
"21","37","d2634BH/IBDuqK7wdEJOpTl"
"21","38","1d585fA4iFAr6RPZf4s+WU7"
"21","39","9caa5Do4HBBgqCpgcMfS41R"
"21","40","5e53dba57RP2YRbDtfDJQBt"
"21","41","4a3a4GyhVdCTJtcJ+yZHpTy"
"21","42","2abf0A6ll1IhJlv3bhcjUJN"
"21","43","22671S0d7NP/4/wnTS7ylEC"
"21","44","0253cfZpsZMxrm9b6MPXhSY"
"21","45","b95ecbzeLNL74WI7+VKg9n8"
"21","46","adf6dj1TWpAlLArjFGnbJXf"
"21","47","0c5bbRGoUZPKoZmi32gUXh2"
"21","48","262778VlvxPEKK1dLw7LFiu"
"21","49","8dee9CGwE5NrbcsI8oQa6CF"
"21","50","d967aFPMNhB3rcoIZERodNW"
"21","51","86443jbBh1HRrRCVgHLxLg+"
"21","52","getDesignResolutionSize"
"21","53","453102MJiZGvpbon5n4Q3/F"
"21","54","7c330JdxoVKRZpHO2ppqzfY"
"21","55","6cd43MVVK5NNY+5UtqwDA2W"
"21","56","e92f4H/5+VMCZnr3htu+flw"
"21","57","ec8b0A5Y65HabydgRKe8uoD"
"21","58","c5c8cWHi+dNWpeCH5A4oaZm"
"21","59","cefd4zbwANP1L1y7WydE8dK"
"21","60","4ff01AYmhNCV5aw24pCz3Q8"
"21","61","ecfc40/aCVE6JD1sVRWfB2Y"
"21","62","e03cc5PeeZMUav4h4jw9/Zo"
"21","63","37680PV7WpHyZ6GZYkW7SjI"
"21","64","2c30esmzUVMSbo3h4LMUgQv"
"21","65","72816oqm65Nk612deOWBd6+"
"21","66","15fef17wSlEuaIhCJ1iB0D9"
"21","67","e4a90zCL7NLYL5+0IubBWYJ"
"21","68","67bf2VPib9B17El63LDib8u"
"21","69","95f86NK+rFG2YDQCu58XETZ"
"21","70","198aaN23dBAaL62KzMHr32p"
"21","71","c03f5dy6z9CeaCQD3pKQ26H"
"21","72","34435dUiwVBsb/Yl3hWSdkG"
"21","73","adunit-3b3a6a3ba5fe1890"
"21","74","adunit-fc4ea8a5b124c287"
"21","75","adunit-5a9b4a4c570a9028"
"21","76","adunit-0beeb929e93c04e4"
"21","77","adunit-850055a02d05b479"
"21","78","adunit-d281e2d022aa0192"
"21","79","adunit-405b641d57df5fef"
"21","80","adunit-83bc650eede69b67"
"21","81","5dba1RZ/KRLgbybwk+ZvrXg"
"21","82","9d992VDm1FECo27GTxJW4Cj"
"21","83","f4d795vtPBJVZFjwN4S4rtv"
"21","84","1092cQW53FOl5JQMe6u+gle"
"21","85","660f9dYosVK94gn+yW59a0L"
"21","86","a2e1eTGSSZHyI7JJkoNfs7j"
"21","87","9d3f8UrqJBO7YB5isuzZZYd"
"21","88","03816qQeA1F2r9hRCq/fvhw"
"21","89","6402fTTRW9Gf6vK/V/OdgSl"
"21","90","action_param 参数不是Object"
"21","91","invalid character found"
"21","92","secret_key 参数需为 32 位字符串"
"21","93","action_param 参数过大，不能超过 "
"21","94","f0184AcW6BG8YkzHIVODOEF"
"21","95","48596WE0IJGhLlhhkBar7Zt"
"21","96","f9629AlCotKs5dIJMcaMGhP"
"21","97","5f7f5WXEYpORp6URYlj+aHC"
"21","98","59f92wAndBC4ZdwRttEdV1b"
"21","99","a0041p7ElxMVbhEYQYoOnLB"
"21","100","5907663yQJJTI0B3dKE8H3f"
"21","101","c2101kTvSNHAJ8u8bqcCgd0"
"21","102","c7fcayTVvpASqFTveUWnVBq"
"21","103","11693VhkEJPOrhUFuX9JSB1"
"21","104","fbac7Fsl+hFNKNHBZ4UCj7L"
"21","105","0a11dE7AdhBAaoqiDtzhH+X"
"21","106","ee3af6o3/hJ5qnjBfTwNXcY"
"21","107","a4d24gR9V5AfpFVmkSaZxBE"
"21","108","72a12ngylJKTZpdEfwrZaqM"
"21","109","ba107pYm49Ip6YO7m8Ipz8k"
"21","110","e450e6NuSBPTbiyX+vYS/8K"
"21","111","b098e7l0hlM4aJj7BWlSYEX"
"21","112","1eb62NLT9NKcqi4uXgrDyzG"
"21","113","f80feq1W+9MarJkC21+SmQM"
"21","114","63c68ZPv5tIRqcJmT2E6U1v"
"21","115","3b25a+n9QZLloPCOi2V2rEj"
"21","116","3f81aHTce9Ad4lGCbvn86xe"
"21","117","2d474m4r01PYphV2ofwQ12Y"
"21","118","e9185DqjAVN9J6rNkKkMuko"
"21","119","getReduceFruitTypeCount"
"21","120","355cf5ZHjBECrMMVGHNvEln"
"21","121","509342BxtFHmKe2sY51qfbL"
"21","122","896ecNg16hAz4aUghuhjl5O"
"21","123","./AutoLightEffect%20.ts"
"21","124","./GbzResurgenceLayer.ts"
"21","125","98cf5ooMiFFJ4OFVNmM14Oy"
"21","126","b96e9BmCXNALrx20vaqoefV"
"21","127","4e70dHng9VPdq11Wr0GiT+y"
"21","128","c3434dZ9dRA66I3mfTTJ9/S"
"21","129","a8cb34sMORMLKt+jIPXQ38v"
"21","130","43bb6fKayNBYbX8U1vE9wAT"
"21","131","f5322BTOHxO4pccMz2DMzcP"
"21","132","d3e05fdK21M8Zf5/QI2/jKz"
"21","133","b200bhH7ttKCKqiSzuzk238"
"21","134","WechatGameFile/get_data"
"21","135","c84d2CGDMZLj6w7VDzE3H2f"
"21","136","-----self.openid-------"
"22","0","applyDecoratedDescriptor"
"22","1","getOwnPropertyDescriptor"
"22","2","localConvertWorldPointAR"
"22","3","worldConvertLocalPointAR"
"22","4","checkFeedSubscribeStatus"
"22","5","saveValidOpenidToStorage"
"22","6","text/plain;charset=UTF-8"
"22","7","getAutoProxyRemoteConfig"
"22","8","SYS_MSG_TYPE_INTERACTIVE"
"22","9","roundNumberToTwoDecimals"
"22","10","获取托管策略的入参的字符串长度不能超过10000"
"22","11","./BaseEventDispatcher.ts"
"22","12","./GbzPropSpecialLayer.ts"
"23","0","initializerDefineProperty"
"23","1","[@dn-sdk/minigame v1.5.8]"
"23","2","updateActionsForReporting"
"23","3","getChannelClaimActionList"
"23","4","doReportOnEnterBackground"
"23","5","scope.WxFriendInteraction"
"23","6","ERROR_ACTION_TYPE_INVALID"
"23","7","secret_key 参数需为 string 类型"
"23","8","初始化传入的appid与当前小游戏appid不一致"
"23","9","获取托管策略的回调函数需为 function 类型"
"23","10","chunks:///_virtual/MD5.ts"
"23","11","https://api.devourad.com/"
"24","0","updateActionsForReportFail"
"24","1","getReportableActionsLength"
"24","2","ttcheckFeedSubscribeStatus"
"24","3","generateActionReportParams"
"24","4","cloudbase-4gnwt8be5f2000b2"
"24","5","https://wx.wxxyxnb.com/api"
"24","6","game login with real fail:"
"24","7","user_action_set_id 参数需大于 0"
"24","8","onFeedStatusChange========"
"25","0","exportToHtmlWithExcelButton"
"25","1","getRevisedcurrentTimeMillis"
"25","2","ERROR_ACTION_PARAM_KEY_NULL"
"25","3","chunks:///_virtual/AbMgr.ts"
"25","4","当前缓存开关 bgOn，fgOn，stOn，tiOn："
"25","5","requestMidasPaymentGameItem"
"25","6","未完成初始化或重复初始化导致初始化失败，请先完成初始化"
"25","7","chunks:///_virtual/IPool.ts"
"25","8","chunks:///_virtual/Tool2.ts"
"26","0","ZXMTG_Test_GAME_CACHE_gameLv"
"26","1","```````````获取系统信息···········"
"26","2","chunks:///_virtual/index.mjs"
"26","3","条，SDK将按照行为优先级排序，丢弃优先级最低的行为事件"
"26","4","在track方法中，action_type参数不能为空！"
"26","5","chunks:///_virtual/SOUtil.ts"
"26","6","./FruitPositionCalculator.ts"
"26","7","chunks:///_virtual/TxList.ts"
"27","0","requestSubscribeSystemMessage"
"27","1","chunks:///_virtual/expJson.ts"
"27","2","chunks:///_virtual/GameMgr.ts"
"27","3","chunks:///_virtual/GameMsg.ts"
"27","4","chunks:///_virtual/GbzEnum.ts"
"27","5","chunks:///_virtual/Handler.ts"
"27","6","```````````获取状态栏高度···········"
"27","7","chunks:///_virtual/LabelUp.ts"
"27","8","chunks:///_virtual/logoCom.ts"
"27","9","chunks:///_virtual/PiaoEff.ts"
"27","10","chunks:///_virtual/RTQueue.ts"
"27","11","chunks:///_virtual/TestMgr.ts"
"27","12","chunks:///_virtual/ViewFPS.ts"
"28","0","createForOfIteratorHelperLoose"
"28","1","ERROR_ACTION_PARAM_KEY_INVALID"
"28","2","WARN_ACTION_PARAM_KEY_RESERVED"
"28","3","chunks:///_virtual/start-scene"
"28","4","chunks:///_virtual/BgCtrCom.ts"
"28","5","chunks:///_virtual/autoGame.ts"
"28","6","chunks:///_virtual/CloudMgr.ts"
"28","7","chunks:///_virtual/DebugLog.ts"
"28","8","1. 特殊水果不参与区间比例计算，采用直接随机抽取方式生成。"
"28","9","chunks:///_virtual/FruitMgr.ts"
"28","10","chunks:///_virtual/GbzIndex.ts"
"28","11","chunks:///_virtual/GbzUtils.ts"
"28","12","chunks:///_virtual/GlobalXZ.ts"
"28","13","chunks:///_virtual/gridInfo.ts"
"28","14","chunks:///_virtual/HoleComp.ts"
"28","15"," game login with real success:"
"28","16","chunks:///_virtual/RandTool.ts"
"28","17","chunks:///_virtual/SelfPool.ts"
"28","18","chunks:///_virtual/WxIAAMgr.ts"
"29","0","openCustomerServiceConversation"
"29","1","chunks:///_virtual/ChuiziCom.ts"
"29","2","chunks:///_virtual/DragFruit.ts"
"29","3","chunks:///_virtual/CusReport.ts"
"29","4","chunks:///_virtual/FruitComp.ts"
"29","5","```````````````````````````````"
"29","6","chunks:///_virtual/IceFollow.ts"
"29","7","初始化失败！当前SDK版本过低，请尽快升级至最新版！下载地址："
"29","8","action_type 或 action_param 参数错误"
"29","9","chunks:///_virtual/JumpLvBtn.ts"
"29","10","chunks:///_virtual/LayoutIMy.ts"
"29","11","chunks:///_virtual/localData.ts"
"29","12","chunks:///_virtual/LvConfig1.ts"
"29","13","chunks:///_virtual/LvConfig2.ts"
"29","14","chunks:///_virtual/LvConfig3.ts"
"29","15","chunks:///_virtual/PkManager.ts"
"29","16","chunks:///_virtual/TickCntlr.ts"
"30","0","ERROR_CALLBACK_IS_NOT_A_FUNCTION"
"30","1","ERROR_ACTION_PARAM_IS_NOT_OBJECT"
"30","2","ERROR_ACTION_PARAM_VALUE_INVALID"
"30","3","checkUserActivityAndSetLevelData"
"30","4","chunks:///_virtual/CityConfig.ts"
"30","5","chunks:///_virtual/CCNodePool.ts"
"30","6","chunks:///_virtual/CocosUtils.ts"
"30","7","7eeb4ace703daadaf2815ac645e873f2"
"30","8","e16c313ec3615ee106c81b08c373069f"
"30","9","5e0b8eab4078f58b6cdb5a0a5110c19f"
"30","10","a106b47eba9acfaafc9462c04e639354"
"30","11","2f6dad6808b8c3dcf34f141f32bca9bf"
"30","12","8e1f5b193afdada1f7956424ae409821"
"30","13","a751d289f0f592a0efb2faede29b8724"
"30","14","5a0eb38bb8256b0505d4cce4dcc1b029"
"30","15","18beddaab139c6e4140a2ce85f5ea265"
"30","16","ac606836979034b732833c331bda03ea"
"30","17","af13e70cb374b7d30fa70abb950487a1"
"30","18","f6f7a60a325e523b3e68dcb25c77f840"
"30","19","chunks:///_virtual/HwPlatform.ts"
"30","20","xxxxxxxxxxxx4xxxyxxxxxxxxxxxxxxx"
"30","21","行为名称可能有误，请检查该行为类型是否为腾讯广告提供的标准行为！"
"30","22","Invalid argument expected string"
"30","23","chunks:///_virtual/JDPlatform.ts"
"30","24","900150983cd24fb0d6963f7d28e17f72"
"30","25","chunks:///_virtual/ScoreLvMgr.ts"
"30","26","chunks:///_virtual/StreakComp.ts"
"30","27","chunks:///_virtual/VibrateCom.ts"
"31","0","chunks:///_virtual/AudioEngine.ts"
"31","1","chunks:///_virtual/DecryptUtil.ts"
"31","2","chunks:///_virtual/DataManager.ts"
"31","3","chunks:///_virtual/FruitConfig.ts"
"31","4","chunks:///_virtual/GameCreatJS.ts"
"31","5","chunks:///_virtual/GbzInstance.ts"
"31","6","chunks:///_virtual/GbzWinLayer.ts"
"31","7","chunks:///_virtual/GridManager.ts"
"31","8","Cannot call a class as a function"
"31","9","在track方法中，action_param参数的key不能为空！"
"31","10","user_action_set_id 参数需为 number 类型"
"31","11","chunks:///_virtual/LevelConfig.ts"
"31","12","chunks:///_virtual/NavigateBtn.ts"
"32","0","chunks:///_virtual/AudioEngine.tsc"
"32","1","hunks:///_virtual/DecryptUtil.tsch"
"32","2","unks:///_virtual/DataManager.tschu"
"32","3","nks:///_virtual/FruitConfig.tschun"
"32","4","ks:///_virtual/GameCreatJS.tschunk"
"32","5","s:///_virtual/GbzInstance.tschunks"
"32","6",":///_virtual/GbzWinLayer.tschunks:"
"32","7","///_virtual/GridManager.tsCannot c"
"32","8","all a class as a function在track方法中"
"32","9","，action_param参数的key不能为空！user_actio"
"32","10","n_set_id 参数需为 number 类型chunks:///_"
"32","11","virtual/LevelConfig.tschunks:///_v"
"32","12","irtual/NavigateBtn.ts"
"33","0","chunks:///_virtual/CCPoolManager.ts"
"33","1","chunks:///_virtual/GbzAviseLayer.ts"
"33","2","chunks:///_virtual/FruitBookComp.ts"
"33","3","chunks:///_virtual/GbzResManager.ts"
"33","4","chunks:///_virtual/GbzSdkManager.ts"
"33","5","chunks:///_virtual/GbzThemeLayer.ts"
"33","6","chunks:///_virtual/GbzTTcblLayer.ts"
"33","7","初始化失败！当前SDK版本存在兼容问题，请尽快升级至最新版！下载地址："
"33","8","新版本SDK已上线，强烈建议您升级至最新版，尽早享受新特性！下载地址："
"33","9","chunks:///_virtual/VideoShareCom.ts"
"34","0","chunks:///_virtual/AdPlatformBase.ts"
"34","1","chunks:///_virtual/CalculatedInfo.ts"
"34","2","tr:hover { background-color: #ddd; }"
"34","3","chunks:///_virtual/GbzDataManager.ts"
"34","4","chunks:///_virtual/GbzFadeManager.ts"
"34","5","chunks:///_virtual/GbzGameManager.ts"
"34","6","chunks:///_virtual/GbzGetRewLayer.ts"
"34","7","chunks:///_virtual/GbzPoolManager.ts"
"34","8","chunks:///_virtual/LayoutRectSafe.ts"
"34","9","chunks:///_virtual/LvConfig1_easy.ts"
"34","10","chunks:///_virtual/ScrollListItem.ts"
"35","0",".rule-cell { white-space: pre-wrap; }"
"35","1","chunks:///_virtual/EventDispatcher.ts"
"35","2","chunks:///_virtual/GbzAudioManager.ts"
"35","3","chunks:///_virtual/GbzCarMoveLayer.ts"
"35","4","chunks:///_virtual/GbzGetItemLayer.ts"
"35","5","chunks:///_virtual/GbzLoadingLayer.ts"
"35","6","chunks:///_virtual/GbzSettingLayer.ts"
"35","7","chunks:///_virtual/GbzToastManager.ts"
"35","8","chunks:///_virtual/ReferenceLayMgr.ts"
"35","9","https://pauljk.cn/shareImages/001.png"
"36","0","ERROR_ACTION_PARAM_VALUE_ARRAY_INVALID"
"36","1","chunks:///_virtual/GbzLoseFullLayer.ts"
"36","2","请尽快调用 setOpenId 或 setUnionId 方法设置用户ID！"
"37","0","ZXMTG_Test_GAME_CACHE_curLvChallengeNum"
"37","1","<p>规则分布：前6关各显示一条规则，第7关显示完整规则，其他关无规则</p>"
"37","2","chunks:///_virtual/GbzFruitBookLayer.ts"
"37","3","chunks:///_virtual/GbzFruitDownLayer.ts"
"37","4","chunks:///_virtual/GbzTTRequestLayer.ts"
"37","5","chunks:///_virtual/GridLayerListView.ts"
"38","0","chunks:///_virtual/AutoLightEffect%20.ts"
"38","1","920f995b--b39-4-4b-74-8-daf-4fc1f35dea4b"
"38","2","a47ba428--c31-a-41-be-8-e9f-58b8483aeb7e"
"38","3","bdfdd713--e66-3-43-95-b-add-e06292781271"
"38","4","chunks:///_virtual/GbzResurgenceLayer.ts"
"38","5","chunks:///_virtual/GbzTTAddtableLayer.ts"
"38","6","https://api.devourad.com/Wechat/feedback"
"39","0","chunks:///_virtual/BaseEventDispatcher.ts"
"39","1","chunks:///_virtual/GbzPropSpecialLayer.ts"
"39","2","https://api.devourad.com/Wechat/gameLogin"
"40","0","chunks:///_virtual/BaseEventDispatcher.tsch"
"40","1","unks:///_virtual/GbzPropSpecialLayer.tshttp"
"40","2","s://api.devourad.com/Wechat/gameLogin"
"41","0","ERROR_ACTION_PARAM_VALUE_ARRAY_TYPE_UNUNIQUE"
"41","1","https://api.devourad.com/Wechat/dyConversion"
"41","2","@@toPrimitive must return a primitive value."
"42","0","chunks:///_virtual/FruitPositionCalculator.ts"
"42","1","https://api.devourad.com/Gameinfo/getBindGame"
"43","0","2. 黑洞最多生成 4 个，位置为固定配置；根据关卡编号对 10 取余，从对应的坐标组中选取。"
"43","1","#exportBtn:hover { background-color: #45a049; }"
"43","2","https://cdn.devourad.com/dy/ShuiGuoShares/1.jpg"
"44","0","https://api.devourad.com/WechatGameFile/get_data"
"44","1","https://api.devourad.com/WechatGameFile/set_data"
"44","2","Object prototype may only be an Object or null: "
"45","0","tr:nth-child(even) { background-color: #f2f2f2; }"
"45","1","https://api.datanexus.qq.com/data-nexus-trace/log"
"45","2","http://api.devourad.com/douyin/gameLoginNoClickId"
"46","0","Super expression must either be null or a function"